Sensors_ID,Timestamp,Weather_ID,Soils_ID
1,2025-01-01 08:00:00,1,1
1,2025-01-01 09:00:00,2,2
1,2025-01-01 10:00:00,3,3
1,2025-01-01 11:00:00,4,4
1,2025-01-01 12:00:00,5,5
1,2025-01-01 13:00:00,6,6
1,2025-01-01 14:00:00,7,7
1,2025-01-01 15:00:00,8,8
1,2025-01-01 16:00:00,9,9
1,2025-01-01 17:00:00,10,10
1,2025-01-01 18:00:00,11,11
1,2025-01-01 19:00:00,12,12
1,2025-01-01 20:00:00,13,13
1,2025-01-01 21:00:00,14,14
1,2025-01-01 22:00:00,15,15
1,2025-01-01 23:00:00,16,16
1,2025-01-02 00:00:00,17,17
1,2025-01-02 01:00:00,18,18
1,2025-01-02 02:00:00,19,19
1,2025-01-02 03:00:00,20,20
1,2025-01-02 04:00:00,21,21
1,2025-01-02 05:00:00,22,22
1,2025-01-02 06:00:00,23,23
1,2025-01-02 07:00:00,24,24
1,2025-01-02 08:00:00,25,25
1,2025-01-02 09:00:00,26,26
1,2025-01-02 10:00:00,27,27
1,2025-01-02 11:00:00,28,28
1,2025-01-02 12:00:00,29,29
1,2025-01-02 13:00:00,30,30
1,2025-01-02 14:00:00,31,31
1,2025-01-02 15:00:00,32,32
1,2025-01-02 16:00:00,33,33
1,2025-01-02 17:00:00,34,34
1,2025-01-02 18:00:00,35,35
1,2025-01-02 19:00:00,36,36
1,2025-01-02 20:00:00,37,37
1,2025-01-02 21:00:00,38,38
1,2025-01-02 22:00:00,39,39
1,2025-01-02 23:00:00,40,40
1,2025-01-03 00:00:00,41,41
1,2025-01-03 01:00:00,42,42
1,2025-01-03 02:00:00,43,43
1,2025-01-03 03:00:00,44,44
1,2025-01-03 04:00:00,45,45
1,2025-01-03 05:00:00,46,46
1,2025-01-03 06:00:00,47,47
1,2025-01-03 07:00:00,48,48
1,2025-01-03 08:00:00,49,49
1,2025-01-03 09:00:00,50,50
1,2025-01-03 10:00:00,51,51
1,2025-01-03 11:00:00,52,52
1,2025-01-03 12:00:00,53,53
1,2025-01-03 13:00:00,54,54
1,2025-01-03 14:00:00,55,55
1,2025-01-03 15:00:00,56,56
1,2025-01-03 16:00:00,57,57
1,2025-01-03 17:00:00,58,58
1,2025-01-03 18:00:00,59,59
1,2025-01-03 19:00:00,60,60
1,2025-01-03 20:00:00,61,61
1,2025-01-03 21:00:00,62,62
1,2025-01-03 22:00:00,63,63
1,2025-01-03 23:00:00,64,64
1,2025-01-04 00:00:00,65,65
1,2025-01-04 01:00:00,66,66
1,2025-01-04 02:00:00,67,67
1,2025-01-04 03:00:00,68,68
1,2025-01-04 04:00:00,69,69
1,2025-01-04 05:00:00,70,70
1,2025-01-04 06:00:00,71,71
1,2025-01-04 07:00:00,72,72
1,2025-01-04 08:00:00,73,73
1,2025-01-04 09:00:00,74,74
1,2025-01-04 10:00:00,75,75
1,2025-01-04 11:00:00,76,76
1,2025-01-04 12:00:00,77,77
1,2025-01-04 13:00:00,78,78
1,2025-01-04 14:00:00,79,79
1,2025-01-04 15:00:00,80,80
1,2025-01-04 16:00:00,81,81
1,2025-01-04 17:00:00,82,82
1,2025-01-04 18:00:00,83,83
1,2025-01-04 19:00:00,84,84
1,2025-01-04 20:00:00,85,85
1,2025-01-04 21:00:00,86,86
1,2025-01-04 22:00:00,87,87
1,2025-01-04 23:00:00,88,88
1,2025-01-05 00:00:00,89,89
1,2025-01-05 01:00:00,90,90
1,2025-01-05 02:00:00,91,91
1,2025-01-05 03:00:00,92,92
1,2025-01-05 04:00:00,93,93
1,2025-01-05 05:00:00,94,94
1,2025-01-05 06:00:00,95,95
1,2025-01-05 07:00:00,96,96
1,2025-01-05 08:00:00,97,97
1,2025-01-05 09:00:00,98,98
1,2025-01-05 10:00:00,99,99
1,2025-01-05 11:00:00,100,100
2,2025-01-01 08:00:00,101,101
2,2025-01-02 08:00:00,102,102
2,2025-01-03 08:00:00,103,103
2,2025-01-04 08:00:00,104,104
2,2025-01-05 08:00:00,105,105
2,2025-01-06 08:00:00,106,106
2,2025-01-07 08:00:00,107,107
2,2025-01-08 08:00:00,108,108
2,2025-01-09 08:00:00,109,109
2,2025-01-10 08:00:00,110,110
2,2025-01-11 08:00:00,111,111
2,2025-01-12 08:00:00,112,112
2,2025-01-13 08:00:00,113,113
2,2025-01-14 08:00:00,114,114
2,2025-01-15 08:00:00,115,115
2,2025-01-16 08:00:00,116,116
2,2025-01-17 08:00:00,117,117
2,2025-01-18 08:00:00,118,118
2,2025-01-19 08:00:00,119,119
2,2025-01-20 08:00:00,120,120
2,2025-01-21 08:00:00,121,121
2,2025-01-22 08:00:00,122,122
2,2025-01-23 08:00:00,123,123
2,2025-01-24 08:00:00,124,124
2,2025-01-25 08:00:00,125,125
2,2025-01-26 08:00:00,126,126
2,2025-01-27 08:00:00,127,127
2,2025-01-28 08:00:00,128,128
2,2025-01-29 08:00:00,129,129
2,2025-01-30 08:00:00,130,130
2,2025-01-31 08:00:00,131,131
2,2025-02-01 08:00:00,132,132
2,2025-02-02 08:00:00,133,133
2,2025-02-03 08:00:00,134,134
2,2025-02-04 08:00:00,135,135
2,2025-02-05 08:00:00,136,136
2,2025-02-06 08:00:00,137,137
2,2025-02-07 08:00:00,138,138
2,2025-02-08 08:00:00,139,139
2,2025-02-09 08:00:00,140,140
2,2025-02-10 08:00:00,141,141
2,2025-02-11 08:00:00,142,142
2,2025-02-12 08:00:00,143,143
2,2025-02-13 08:00:00,144,144
2,2025-02-14 08:00:00,145,145
2,2025-02-15 08:00:00,146,146
2,2025-02-16 08:00:00,147,147
2,2025-02-17 08:00:00,148,148
2,2025-02-18 08:00:00,149,149
2,2025-02-19 08:00:00,150,150
2,2025-02-20 08:00:00,151,151
2,2025-02-21 08:00:00,152,152
2,2025-02-22 08:00:00,153,153
2,2025-02-23 08:00:00,154,154
2,2025-02-24 08:00:00,155,155
2,2025-02-25 08:00:00,156,156
2,2025-02-26 08:00:00,157,157
2,2025-02-27 08:00:00,158,158
2,2025-02-28 08:00:00,159,159
2,2025-03-01 08:00:00,160,160
2,2025-03-02 08:00:00,161,161
2,2025-03-03 08:00:00,162,162
2,2025-03-04 08:00:00,163,163
2,2025-03-05 08:00:00,164,164
2,2025-03-06 08:00:00,165,165
2,2025-03-07 08:00:00,166,166
2,2025-03-08 08:00:00,167,167
2,2025-03-09 08:00:00,168,168
2,2025-03-10 08:00:00,169,169
2,2025-03-11 08:00:00,170,170
2,2025-03-12 08:00:00,171,171
2,2025-03-13 08:00:00,172,172
2,2025-03-14 08:00:00,173,173
2,2025-03-15 08:00:00,174,174
2,2025-03-16 08:00:00,175,175
2,2025-03-17 08:00:00,176,176
2,2025-03-18 08:00:00,177,177
2,2025-03-19 08:00:00,178,178
2,2025-03-20 08:00:00,179,179
2,2025-03-21 08:00:00,180,180
2,2025-03-22 08:00:00,181,181
2,2025-03-23 08:00:00,182,182
2,2025-03-24 08:00:00,183,183
2,2025-03-25 08:00:00,184,184
2,2025-03-26 08:00:00,185,185
2,2025-03-27 08:00:00,186,186
2,2025-03-28 08:00:00,187,187
2,2025-03-29 08:00:00,188,188
2,2025-03-30 08:00:00,189,189
2,2025-03-31 08:00:00,190,190
2,2025-04-01 08:00:00,191,191
2,2025-04-02 08:00:00,192,192
2,2025-04-03 08:00:00,193,193
2,2025-04-04 08:00:00,194,194
2,2025-04-05 08:00:00,195,195
2,2025-04-06 08:00:00,196,196
2,2025-04-07 08:00:00,197,197
2,2025-04-08 08:00:00,198,198
2,2025-04-09 08:00:00,199,199
2,2025-04-10 08:00:00,200,200
3,2025-01-01 08:00:00,201,201
3,2025-01-02 08:00:00,202,202
3,2025-01-03 08:00:00,203,203
3,2025-01-04 08:00:00,204,204
3,2025-01-05 08:00:00,205,205
3,2025-01-06 08:00:00,206,206
3,2025-01-07 08:00:00,207,207
3,2025-01-08 08:00:00,208,208
3,2025-01-09 08:00:00,209,209
3,2025-01-10 08:00:00,210,210
3,2025-01-11 08:00:00,211,211
3,2025-01-12 08:00:00,212,212
3,2025-01-13 08:00:00,213,213
3,2025-01-14 08:00:00,214,214
3,2025-01-15 08:00:00,215,215
3,2025-01-16 08:00:00,216,216
3,2025-01-17 08:00:00,217,217
3,2025-01-18 08:00:00,218,218
3,2025-01-19 08:00:00,219,219
3,2025-01-20 08:00:00,220,220
3,2025-01-21 08:00:00,221,221
3,2025-01-22 08:00:00,222,222
3,2025-01-23 08:00:00,223,223
3,2025-01-24 08:00:00,224,224
3,2025-01-25 08:00:00,225,225
3,2025-01-26 08:00:00,226,226
3,2025-01-27 08:00:00,227,227
3,2025-01-28 08:00:00,228,228
3,2025-01-29 08:00:00,229,229
3,2025-01-30 08:00:00,230,230
3,2025-01-31 08:00:00,231,231
3,2025-02-01 08:00:00,232,232
3,2025-02-02 08:00:00,233,233
3,2025-02-03 08:00:00,234,234
3,2025-02-04 08:00:00,235,235
3,2025-02-05 08:00:00,236,236
3,2025-02-06 08:00:00,237,237
3,2025-02-07 08:00:00,238,238
3,2025-02-08 08:00:00,239,239
3,2025-02-09 08:00:00,240,240
3,2025-02-10 08:00:00,241,241
3,2025-02-11 08:00:00,242,242
3,2025-02-12 08:00:00,243,243
3,2025-02-13 08:00:00,244,244
3,2025-02-14 08:00:00,245,245
3,2025-02-15 08:00:00,246,246
3,2025-02-16 08:00:00,247,247
3,2025-02-17 08:00:00,248,248
3,2025-02-18 08:00:00,249,249
3,2025-02-19 08:00:00,250,250
3,2025-02-20 08:00:00,251,251
3,2025-02-21 08:00:00,252,252
3,2025-02-22 08:00:00,253,253
3,2025-02-23 08:00:00,254,254
3,2025-02-24 08:00:00,255,255
3,2025-02-25 08:00:00,256,256
3,2025-02-26 08:00:00,257,257
3,2025-02-27 08:00:00,258,258
3,2025-02-28 08:00:00,259,259
3,2025-03-01 08:00:00,260,260
3,2025-03-02 08:00:00,261,261
3,2025-03-03 08:00:00,262,262
3,2025-03-04 08:00:00,263,263
3,2025-03-05 08:00:00,264,264
3,2025-03-06 08:00:00,265,265
3,2025-03-07 08:00:00,266,266
3,2025-03-08 08:00:00,267,267
3,2025-03-09 08:00:00,268,268
3,2025-03-10 08:00:00,269,269
3,2025-03-11 08:00:00,270,270
3,2025-03-12 08:00:00,271,271
3,2025-03-13 08:00:00,272,272
3,2025-03-14 08:00:00,273,273
3,2025-03-15 08:00:00,274,274
3,2025-03-16 08:00:00,275,275
3,2025-03-17 08:00:00,276,276
3,2025-03-18 08:00:00,277,277
3,2025-03-19 08:00:00,278,278
3,2025-03-20 08:00:00,279,279
3,2025-03-21 08:00:00,280,280
3,2025-03-22 08:00:00,281,281
3,2025-03-23 08:00:00,282,282
3,2025-03-24 08:00:00,283,283
3,2025-03-25 08:00:00,284,284
3,2025-03-26 08:00:00,285,285
3,2025-03-27 08:00:00,286,286
3,2025-03-28 08:00:00,287,287
3,2025-03-29 08:00:00,288,288
3,2025-03-30 08:00:00,289,289
3,2025-03-31 08:00:00,290,290
3,2025-04-01 08:00:00,291,291
3,2025-04-02 08:00:00,292,292
3,2025-04-03 08:00:00,293,293
3,2025-04-04 08:00:00,294,294
3,2025-04-05 08:00:00,295,295
3,2025-04-06 08:00:00,296,296
3,2025-04-07 08:00:00,297,297
3,2025-04-08 08:00:00,298,298
3,2025-04-09 08:00:00,299,299
3,2025-04-10 08:00:00,300,300
4,2025-01-01 08:00:00,301,301
4,2025-01-02 08:00:00,302,302
4,2025-01-03 08:00:00,303,303
4,2025-01-04 08:00:00,304,304
4,2025-01-05 08:00:00,305,305
4,2025-01-06 08:00:00,306,306
4,2025-01-07 08:00:00,307,307
4,2025-01-08 08:00:00,308,308
4,2025-01-09 08:00:00,309,309
4,2025-01-10 08:00:00,310,310
4,2025-01-11 08:00:00,311,311
4,2025-01-12 08:00:00,312,312
4,2025-01-13 08:00:00,313,313
4,2025-01-14 08:00:00,314,314
4,2025-01-15 08:00:00,315,315
4,2025-01-16 08:00:00,316,316
4,2025-01-17 08:00:00,317,317
4,2025-01-18 08:00:00,318,318
4,2025-01-19 08:00:00,319,319
4,2025-01-20 08:00:00,320,320
4,2025-01-21 08:00:00,321,321
4,2025-01-22 08:00:00,322,322
4,2025-01-23 08:00:00,323,323
4,2025-01-24 08:00:00,324,324
4,2025-01-25 08:00:00,325,325
4,2025-01-26 08:00:00,326,326
4,2025-01-27 08:00:00,327,327
4,2025-01-28 08:00:00,328,328
4,2025-01-29 08:00:00,329,329
4,2025-01-30 08:00:00,330,330
4,2025-01-31 08:00:00,331,331
4,2025-02-01 08:00:00,332,332
4,2025-02-02 08:00:00,333,333
4,2025-02-03 08:00:00,334,334
4,2025-02-04 08:00:00,335,335
4,2025-02-05 08:00:00,336,336
4,2025-02-06 08:00:00,337,337
4,2025-02-07 08:00:00,338,338
4,2025-02-08 08:00:00,339,339
4,2025-02-09 08:00:00,340,340
4,2025-02-10 08:00:00,341,341
4,2025-02-11 08:00:00,342,342
4,2025-02-12 08:00:00,343,343
4,2025-02-13 08:00:00,344,344
4,2025-02-14 08:00:00,345,345
4,2025-02-15 08:00:00,346,346
4,2025-02-16 08:00:00,347,347
4,2025-02-17 08:00:00,348,348
4,2025-02-18 08:00:00,349,349
4,2025-02-19 08:00:00,350,350
4,2025-02-20 08:00:00,351,351
4,2025-02-21 08:00:00,352,352
4,2025-02-22 08:00:00,353,353
4,2025-02-23 08:00:00,354,354
4,2025-02-24 08:00:00,355,355
4,2025-02-25 08:00:00,356,356
4,2025-02-26 08:00:00,357,357
4,2025-02-27 08:00:00,358,358
4,2025-02-28 08:00:00,359,359
4,2025-03-01 08:00:00,360,360
4,2025-03-02 08:00:00,361,361
4,2025-03-03 08:00:00,362,362
4,2025-03-04 08:00:00,363,363
4,2025-03-05 08:00:00,364,364
4,2025-03-06 08:00:00,365,365
4,2025-03-07 08:00:00,366,366
4,2025-03-08 08:00:00,367,367
4,2025-03-09 08:00:00,368,368
4,2025-03-10 08:00:00,369,369
4,2025-03-11 08:00:00,370,370
4,2025-03-12 08:00:00,371,371
4,2025-03-13 08:00:00,372,372
4,2025-03-14 08:00:00,373,373
4,2025-03-15 08:00:00,374,374
4,2025-03-16 08:00:00,375,375
4,2025-03-17 08:00:00,376,376
4,2025-03-18 08:00:00,377,377
4,2025-03-19 08:00:00,378,378
4,2025-03-20 08:00:00,379,379
4,2025-03-21 08:00:00,380,380
4,2025-03-22 08:00:00,381,381
4,2025-03-23 08:00:00,382,382
4,2025-03-24 08:00:00,383,383
4,2025-03-25 08:00:00,384,384
4,2025-03-26 08:00:00,385,385
4,2025-03-27 08:00:00,386,386
4,2025-03-28 08:00:00,387,387
4,2025-03-29 08:00:00,388,388
4,2025-03-30 08:00:00,389,389
4,2025-03-31 08:00:00,390,390
4,2025-04-01 08:00:00,391,391
4,2025-04-02 08:00:00,392,392
4,2025-04-03 08:00:00,393,393
4,2025-04-04 08:00:00,394,394
4,2025-04-05 08:00:00,395,395
4,2025-04-06 08:00:00,396,396
4,2025-04-07 08:00:00,397,397
4,2025-04-08 08:00:00,398,398
4,2025-04-09 08:00:00,399,399
4,2025-04-10 08:00:00,400,400
5,2025-01-01 08:00:00,401,401
5,2025-01-02 08:00:00,402,402
5,2025-01-03 08:00:00,403,403
5,2025-01-04 08:00:00,404,404
5,2025-01-05 08:00:00,405,405
5,2025-01-06 08:00:00,406,406
5,2025-01-07 08:00:00,407,407
5,2025-01-08 08:00:00,408,408
5,2025-01-09 08:00:00,409,409
5,2025-01-10 08:00:00,410,410
5,2025-01-11 08:00:00,411,411
5,2025-01-12 08:00:00,412,412
5,2025-01-13 08:00:00,413,413
5,2025-01-14 08:00:00,414,414
5,2025-01-15 08:00:00,415,415
5,2025-01-16 08:00:00,416,416
5,2025-01-17 08:00:00,417,417
5,2025-01-18 08:00:00,418,418
5,2025-01-19 08:00:00,419,419
5,2025-01-20 08:00:00,420,420
5,2025-01-21 08:00:00,421,421
5,2025-01-22 08:00:00,422,422
5,2025-01-23 08:00:00,423,423
5,2025-01-24 08:00:00,424,424
5,2025-01-25 08:00:00,425,425
5,2025-01-26 08:00:00,426,426
5,2025-01-27 08:00:00,427,427
5,2025-01-28 08:00:00,428,428
5,2025-01-29 08:00:00,429,429
5,2025-01-30 08:00:00,430,430
5,2025-01-31 08:00:00,431,431
5,2025-02-01 08:00:00,432,432
5,2025-02-02 08:00:00,433,433
5,2025-02-03 08:00:00,434,434
5,2025-02-04 08:00:00,435,435
5,2025-02-05 08:00:00,436,436
5,2025-02-06 08:00:00,437,437
5,2025-02-07 08:00:00,438,438
5,2025-02-08 08:00:00,439,439
5,2025-02-09 08:00:00,440,440
5,2025-02-10 08:00:00,441,441
5,2025-02-11 08:00:00,442,442
5,2025-02-12 08:00:00,443,443
5,2025-02-13 08:00:00,444,444
5,2025-02-14 08:00:00,445,445
5,2025-02-15 08:00:00,446,446
5,2025-02-16 08:00:00,447,447
5,2025-02-17 08:00:00,448,448
5,2025-02-18 08:00:00,449,449
5,2025-02-19 08:00:00,450,450
5,2025-02-20 08:00:00,451,451
5,2025-02-21 08:00:00,452,452
5,2025-02-22 08:00:00,453,453
5,2025-02-23 08:00:00,454,454
5,2025-02-24 08:00:00,455,455
5,2025-02-25 08:00:00,456,456
5,2025-02-26 08:00:00,457,457
5,2025-02-27 08:00:00,458,458
5,2025-02-28 08:00:00,459,459
5,2025-03-01 08:00:00,460,460
5,2025-03-02 08:00:00,461,461
5,2025-03-03 08:00:00,462,462
5,2025-03-04 08:00:00,463,463
5,2025-03-05 08:00:00,464,464
5,2025-03-06 08:00:00,465,465
5,2025-03-07 08:00:00,466,466
5,2025-03-08 08:00:00,467,467
5,2025-03-09 08:00:00,468,468
5,2025-03-10 08:00:00,469,469
5,2025-03-11 08:00:00,470,470
5,2025-03-12 08:00:00,471,471
5,2025-03-13 08:00:00,472,472
5,2025-03-14 08:00:00,473,473
5,2025-03-15 08:00:00,474,474
5,2025-03-16 08:00:00,475,475
5,2025-03-17 08:00:00,476,476
5,2025-03-18 08:00:00,477,477
5,2025-03-19 08:00:00,478,478
5,2025-03-20 08:00:00,479,479
5,2025-03-21 08:00:00,480,480
5,2025-03-22 08:00:00,481,481
5,2025-03-23 08:00:00,482,482
5,2025-03-24 08:00:00,483,483
5,2025-03-25 08:00:00,484,484
5,2025-03-26 08:00:00,485,485
5,2025-03-27 08:00:00,486,486
5,2025-03-28 08:00:00,487,487
5,2025-03-29 08:00:00,488,488
5,2025-03-30 08:00:00,489,489
5,2025-03-31 08:00:00,490,490
5,2025-04-01 08:00:00,491,491
5,2025-04-02 08:00:00,492,492
5,2025-04-03 08:00:00,493,493
5,2025-04-04 08:00:00,494,494
5,2025-04-05 08:00:00,495,495
5,2025-04-06 08:00:00,496,496
5,2025-04-07 08:00:00,497,497
5,2025-04-08 08:00:00,498,498
5,2025-04-09 08:00:00,499,499
5,2025-04-10 08:00:00,500,500
6,2025-01-01 08:00:00,501,501
6,2025-01-02 08:00:00,502,502
6,2025-01-03 08:00:00,503,503
6,2025-01-04 08:00:00,504,504
6,2025-01-05 08:00:00,505,505
6,2025-01-06 08:00:00,506,506
6,2025-01-07 08:00:00,507,507
6,2025-01-08 08:00:00,508,508
6,2025-01-09 08:00:00,509,509
6,2025-01-10 08:00:00,510,510
6,2025-01-11 08:00:00,511,511
6,2025-01-12 08:00:00,512,512
6,2025-01-13 08:00:00,513,513
6,2025-01-14 08:00:00,514,514
6,2025-01-15 08:00:00,515,515
6,2025-01-16 08:00:00,516,516
6,2025-01-17 08:00:00,517,517
6,2025-01-18 08:00:00,518,518
6,2025-01-19 08:00:00,519,519
6,2025-01-20 08:00:00,520,520
6,2025-01-21 08:00:00,521,521
6,2025-01-22 08:00:00,522,522
6,2025-01-23 08:00:00,523,523
6,2025-01-24 08:00:00,524,524
6,2025-01-25 08:00:00,525,525
6,2025-01-26 08:00:00,526,526
6,2025-01-27 08:00:00,527,527
6,2025-01-28 08:00:00,528,528
6,2025-01-29 08:00:00,529,529
6,2025-01-30 08:00:00,530,530
6,2025-01-31 08:00:00,531,531
6,2025-02-01 08:00:00,532,532
6,2025-02-02 08:00:00,533,533
6,2025-02-03 08:00:00,534,534
6,2025-02-04 08:00:00,535,535
6,2025-02-05 08:00:00,536,536
6,2025-02-06 08:00:00,537,537
6,2025-02-07 08:00:00,538,538
6,2025-02-08 08:00:00,539,539
6,2025-02-09 08:00:00,540,540
6,2025-02-10 08:00:00,541,541
6,2025-02-11 08:00:00,542,542
6,2025-02-12 08:00:00,543,543
6,2025-02-13 08:00:00,544,544
6,2025-02-14 08:00:00,545,545
6,2025-02-15 08:00:00,546,546
6,2025-02-16 08:00:00,547,547
6,2025-02-17 08:00:00,548,548
6,2025-02-18 08:00:00,549,549
6,2025-02-19 08:00:00,550,550
6,2025-02-20 08:00:00,551,551
6,2025-02-21 08:00:00,552,552
6,2025-02-22 08:00:00,553,553
6,2025-02-23 08:00:00,554,554
6,2025-02-24 08:00:00,555,555
6,2025-02-25 08:00:00,556,556
6,2025-02-26 08:00:00,557,557
6,2025-02-27 08:00:00,558,558
6,2025-02-28 08:00:00,559,559
6,2025-03-01 08:00:00,560,560
6,2025-03-02 08:00:00,561,561
6,2025-03-03 08:00:00,562,562
6,2025-03-04 08:00:00,563,563
6,2025-03-05 08:00:00,564,564
6,2025-03-06 08:00:00,565,565
6,2025-03-07 08:00:00,566,566
6,2025-03-08 08:00:00,567,567
6,2025-03-09 08:00:00,568,568
6,2025-03-10 08:00:00,569,569
6,2025-03-11 08:00:00,570,570
6,2025-03-12 08:00:00,571,571
6,2025-03-13 08:00:00,572,572
6,2025-03-14 08:00:00,573,573
6,2025-03-15 08:00:00,574,574
6,2025-03-16 08:00:00,575,575
6,2025-03-17 08:00:00,576,576
6,2025-03-18 08:00:00,577,577
6,2025-03-19 08:00:00,578,578
6,2025-03-20 08:00:00,579,579
6,2025-03-21 08:00:00,580,580
6,2025-03-22 08:00:00,581,581
6,2025-03-23 08:00:00,582,582
6,2025-03-24 08:00:00,583,583
6,2025-03-25 08:00:00,584,584
6,2025-03-26 08:00:00,585,585
6,2025-03-27 08:00:00,586,586
6,2025-03-28 08:00:00,587,587
6,2025-03-29 08:00:00,588,588
6,2025-03-30 08:00:00,589,589
6,2025-03-31 08:00:00,590,590
6,2025-04-01 08:00:00,591,591
6,2025-04-02 08:00:00,592,592
6,2025-04-03 08:00:00,593,593
6,2025-04-04 08:00:00,594,594
6,2025-04-05 08:00:00,595,595
6,2025-04-06 08:00:00,596,596
6,2025-04-07 08:00:00,597,597
6,2025-04-08 08:00:00,598,598
6,2025-04-09 08:00:00,599,599
6,2025-04-10 08:00:00,600,600
7,2025-04-11 08:00:00,601,601
7,2025-04-12 08:00:00,602,602
7,2025-04-13 08:00:00,603,603
7,2025-04-14 08:00:00,604,604
7,2025-04-15 08:00:00,605,605
7,2025-04-16 08:00:00,606,606
7,2025-04-17 08:00:00,607,607
7,2025-04-18 08:00:00,608,608
7,2025-04-19 08:00:00,609,609
7,2025-04-20 08:00:00,610,610
7,2025-04-21 08:00:00,611,611
7,2025-04-22 08:00:00,612,612
7,2025-04-23 08:00:00,613,613
7,2025-04-24 08:00:00,614,614
7,2025-04-25 08:00:00,615,615
7,2025-04-26 08:00:00,616,616
7,2025-04-27 08:00:00,617,617
7,2025-04-28 08:00:00,618,618
7,2025-04-29 08:00:00,619,619
7,2025-04-30 08:00:00,620,620
7,2025-05-01 08:00:00,621,621
7,2025-05-02 08:00:00,622,622
7,2025-05-03 08:00:00,623,623
7,2025-05-04 08:00:00,624,624
7,2025-05-05 08:00:00,625,625
7,2025-05-06 08:00:00,626,626
7,2025-05-07 08:00:00,627,627
7,2025-05-08 08:00:00,628,628
7,2025-05-09 08:00:00,629,629
7,2025-05-10 08:00:00,630,630
7,2025-05-11 08:00:00,631,631
7,2025-05-12 08:00:00,632,632
7,2025-05-13 08:00:00,633,633
7,2025-05-14 08:00:00,634,634
7,2025-05-15 08:00:00,635,635
7,2025-05-16 08:00:00,636,636
7,2025-05-17 08:00:00,637,637
7,2025-05-18 08:00:00,638,638
7,2025-05-19 08:00:00,639,639
7,2025-05-20 08:00:00,640,640
7,2025-05-21 08:00:00,641,641
7,2025-05-22 08:00:00,642,642
7,2025-05-23 08:00:00,643,643
7,2025-05-24 08:00:00,644,644
7,2025-05-25 08:00:00,645,645
7,2025-05-26 08:00:00,646,646
7,2025-05-27 08:00:00,647,647
7,2025-05-28 08:00:00,648,648
7,2025-05-29 08:00:00,649,649
7,2025-05-30 08:00:00,650,650
7,2025-05-31 08:00:00,651,651
7,2025-06-01 08:00:00,652,652
7,2025-06-02 08:00:00,653,653
7,2025-06-03 08:00:00,654,654
7,2025-06-04 08:00:00,655,655
7,2025-06-05 08:00:00,656,656
7,2025-06-06 08:00:00,657,657
7,2025-06-07 08:00:00,658,658
7,2025-06-08 08:00:00,659,659
7,2025-06-09 08:00:00,660,660
7,2025-06-10 08:00:00,661,661
7,2025-06-11 08:00:00,662,662
7,2025-06-12 08:00:00,663,663
7,2025-06-13 08:00:00,664,664
7,2025-06-14 08:00:00,665,665
7,2025-06-15 08:00:00,666,666
7,2025-06-16 08:00:00,667,667
7,2025-06-17 08:00:00,668,668
7,2025-06-18 08:00:00,669,669
7,2025-06-19 08:00:00,670,670
7,2025-06-20 08:00:00,671,671
7,2025-06-21 08:00:00,672,672
7,2025-06-22 08:00:00,673,673
7,2025-06-23 08:00:00,674,674
7,2025-06-24 08:00:00,675,675
7,2025-06-25 08:00:00,676,676
7,2025-06-26 08:00:00,677,677
7,2025-06-27 08:00:00,678,678
7,2025-06-28 08:00:00,679,679
7,2025-06-29 08:00:00,680,680
7,2025-06-30 08:00:00,681,681
7,2025-07-01 08:00:00,682,682
7,2025-07-02 08:00:00,683,683
7,2025-07-03 08:00:00,684,684
7,2025-07-04 08:00:00,685,685
7,2025-07-05 08:00:00,686,686
7,2025-07-06 08:00:00,687,687
7,2025-07-07 08:00:00,688,688
7,2025-07-08 08:00:00,689,689
7,2025-07-09 08:00:00,690,690
7,2025-07-10 08:00:00,691,691
7,2025-07-11 08:00:00,692,692
7,2025-07-12 08:00:00,693,693
7,2025-07-13 08:00:00,694,694
7,2025-07-14 08:00:00,695,695
7,2025-07-15 08:00:00,696,696
7,2025-07-16 08:00:00,697,697
7,2025-07-17 08:00:00,698,698
7,2025-07-18 08:00:00,699,699
7,2025-07-19 08:00:00,700,700
8,2025-01-01 08:00:00,701,701
8,2025-01-02 08:00:00,702,702
8,2025-01-03 08:00:00,703,703
8,2025-01-04 08:00:00,704,704
8,2025-01-05 08:00:00,705,705
8,2025-01-06 08:00:00,706,706
8,2025-01-07 08:00:00,707,707
8,2025-01-08 08:00:00,708,708
8,2025-01-09 08:00:00,709,709
8,2025-01-10 08:00:00,710,710
8,2025-01-11 08:00:00,711,711
8,2025-01-12 08:00:00,712,712
8,2025-01-13 08:00:00,713,713
8,2025-01-14 08:00:00,714,714
8,2025-01-15 08:00:00,715,715
8,2025-01-16 08:00:00,716,716
8,2025-01-17 08:00:00,717,717
8,2025-01-18 08:00:00,718,718
8,2025-01-19 08:00:00,719,719
8,2025-01-20 08:00:00,720,720
8,2025-01-21 08:00:00,721,721
8,2025-01-22 08:00:00,722,722
8,2025-01-23 08:00:00,723,723
8,2025-01-24 08:00:00,724,724
8,2025-01-25 08:00:00,725,725
8,2025-01-26 08:00:00,726,726
8,2025-01-27 08:00:00,727,727
8,2025-01-28 08:00:00,728,728
8,2025-01-29 08:00:00,729,729
8,2025-01-30 08:00:00,730,730
8,2025-01-31 08:00:00,731,731
8,2025-02-01 08:00:00,732,732
8,2025-02-02 08:00:00,733,733
8,2025-02-03 08:00:00,734,734
8,2025-02-04 08:00:00,735,735
8,2025-02-05 08:00:00,736,736
8,2025-02-06 08:00:00,737,737
8,2025-02-07 08:00:00,738,738
8,2025-02-08 08:00:00,739,739
8,2025-02-09 08:00:00,740,740
8,2025-02-10 08:00:00,741,741
8,2025-02-11 08:00:00,742,742
8,2025-02-12 08:00:00,743,743
8,2025-02-13 08:00:00,744,744
8,2025-02-14 08:00:00,745,745
8,2025-02-15 08:00:00,746,746
8,2025-02-16 08:00:00,747,747
8,2025-02-17 08:00:00,748,748
8,2025-02-18 08:00:00,749,749
8,2025-02-19 08:00:00,750,750
8,2025-02-20 08:00:00,751,751
8,2025-02-21 08:00:00,752,752
8,2025-02-22 08:00:00,753,753
8,2025-02-23 08:00:00,754,754
8,2025-02-24 08:00:00,755,755
8,2025-02-25 08:00:00,756,756
8,2025-02-26 08:00:00,757,757
8,2025-02-27 08:00:00,758,758
8,2025-02-28 08:00:00,759,759
8,2025-03-01 08:00:00,760,760
8,2025-03-02 08:00:00,761,761
8,2025-03-03 08:00:00,762,762
8,2025-03-04 08:00:00,763,763
8,2025-03-05 08:00:00,764,764
8,2025-03-06 08:00:00,765,765
8,2025-03-07 08:00:00,766,766
8,2025-03-08 08:00:00,767,767
8,2025-03-09 08:00:00,768,768
8,2025-03-10 08:00:00,769,769
8,2025-03-11 08:00:00,770,770
8,2025-03-12 08:00:00,771,771
8,2025-03-13 08:00:00,772,772
8,2025-03-14 08:00:00,773,773
8,2025-03-15 08:00:00,774,774
8,2025-03-16 08:00:00,775,775
8,2025-03-17 08:00:00,776,776
8,2025-03-18 08:00:00,777,777
8,2025-03-19 08:00:00,778,778
8,2025-03-20 08:00:00,779,779
8,2025-03-21 08:00:00,780,780
8,2025-03-22 08:00:00,781,781
8,2025-03-23 08:00:00,782,782
8,2025-03-24 08:00:00,783,783
8,2025-03-25 08:00:00,784,784
8,2025-03-26 08:00:00,785,785
8,2025-03-27 08:00:00,786,786
8,2025-03-28 08:00:00,787,787
8,2025-03-29 08:00:00,788,788
8,2025-03-30 08:00:00,789,789
8,2025-03-31 08:00:00,790,790
8,2025-04-01 08:00:00,791,791
8,2025-04-02 08:00:00,792,792
8,2025-04-03 08:00:00,793,793
8,2025-04-04 08:00:00,794,794
8,2025-04-05 08:00:00,795,795
8,2025-04-06 08:00:00,796,796
8,2025-04-07 08:00:00,797,797
8,2025-04-08 08:00:00,798,798
8,2025-04-09 08:00:00,799,799
8,2025-04-10 08:00:00,800,800
9,2025-01-01 08:00:00,801,801
9,2025-01-02 08:00:00,802,802
9,2025-01-03 08:00:00,803,803
9,2025-01-04 08:00:00,804,804
9,2025-01-05 08:00:00,805,805
9,2025-01-06 08:00:00,806,806
9,2025-01-07 08:00:00,807,807
9,2025-01-08 08:00:00,808,808
9,2025-01-09 08:00:00,809,809
9,2025-01-10 08:00:00,810,810
9,2025-01-11 08:00:00,811,811
9,2025-01-12 08:00:00,812,812
9,2025-01-13 08:00:00,813,813
9,2025-01-14 08:00:00,814,814
9,2025-01-15 08:00:00,815,815
9,2025-01-16 08:00:00,816,816
9,2025-01-17 08:00:00,817,817
9,2025-01-18 08:00:00,818,818
9,2025-01-19 08:00:00,819,819
9,2025-01-20 08:00:00,820,820
9,2025-01-21 08:00:00,821,821
9,2025-01-22 08:00:00,822,822
9,2025-01-23 08:00:00,823,823
9,2025-01-24 08:00:00,824,824
9,2025-01-25 08:00:00,825,825
9,2025-01-26 08:00:00,826,826
9,2025-01-27 08:00:00,827,827
9,2025-01-28 08:00:00,828,828
9,2025-01-29 08:00:00,829,829
9,2025-01-30 08:00:00,830,830
9,2025-01-31 08:00:00,831,831
9,2025-02-01 08:00:00,832,832
9,2025-02-02 08:00:00,833,833
9,2025-02-03 08:00:00,834,834
9,2025-02-04 08:00:00,835,835
9,2025-02-05 08:00:00,836,836
9,2025-02-06 08:00:00,837,837
9,2025-02-07 08:00:00,838,838
9,2025-02-08 08:00:00,839,839
9,2025-02-09 08:00:00,840,840
9,2025-02-10 08:00:00,841,841
9,2025-02-11 08:00:00,842,842
9,2025-02-12 08:00:00,843,843
9,2025-02-13 08:00:00,844,844
9,2025-02-14 08:00:00,845,845
9,2025-02-15 08:00:00,846,846
9,2025-02-16 08:00:00,847,847
9,2025-02-17 08:00:00,848,848
9,2025-02-18 08:00:00,849,849
9,2025-02-19 08:00:00,850,850
9,2025-02-20 08:00:00,851,851
9,2025-02-21 08:00:00,852,852
9,2025-02-22 08:00:00,853,853
9,2025-02-23 08:00:00,854,854
9,2025-02-24 08:00:00,855,855
9,2025-02-25 08:00:00,856,856
9,2025-02-26 08:00:00,857,857
9,2025-02-27 08:00:00,858,858
9,2025-02-28 08:00:00,859,859
9,2025-03-01 08:00:00,860,860
9,2025-03-02 08:00:00,861,861
9,2025-03-03 08:00:00,862,862
9,2025-03-04 08:00:00,863,863
9,2025-03-05 08:00:00,864,864
9,2025-03-06 08:00:00,865,865
9,2025-03-07 08:00:00,866,866
9,2025-03-08 08:00:00,867,867
9,2025-03-09 08:00:00,868,868
9,2025-03-10 08:00:00,869,869
9,2025-03-11 08:00:00,870,870
9,2025-03-12 08:00:00,871,871
9,2025-03-13 08:00:00,872,872
9,2025-03-14 08:00:00,873,873
9,2025-03-15 08:00:00,874,874
9,2025-03-16 08:00:00,875,875
9,2025-03-17 08:00:00,876,876
9,2025-03-18 08:00:00,877,877
9,2025-03-19 08:00:00,878,878
9,2025-03-20 08:00:00,879,879
9,2025-03-21 08:00:00,880,880
9,2025-03-22 08:00:00,881,881
9,2025-03-23 08:00:00,882,882
9,2025-03-24 08:00:00,883,883
9,2025-03-25 08:00:00,884,884
9,2025-03-26 08:00:00,885,885
9,2025-03-27 08:00:00,886,886
9,2025-03-28 08:00:00,887,887
9,2025-03-29 08:00:00,888,888
9,2025-03-30 08:00:00,889,889
9,2025-03-31 08:00:00,890,890
9,2025-04-01 08:00:00,891,891
9,2025-04-02 08:00:00,892,892
9,2025-04-03 08:00:00,893,893
9,2025-04-04 08:00:00,894,894
9,2025-04-05 08:00:00,895,895
9,2025-04-06 08:00:00,896,896
9,2025-04-07 08:00:00,897,897
9,2025-04-08 08:00:00,898,898
9,2025-04-09 08:00:00,899,899
9,2025-04-10 08:00:00,900,900
10,2025-01-01 08:00:00,901,901
10,2025-01-02 08:00:00,902,902
10,2025-01-03 08:00:00,903,903
10,2025-01-04 08:00:00,904,904
10,2025-01-05 08:00:00,905,905
10,2025-01-06 08:00:00,906,906
10,2025-01-07 08:00:00,907,907
10,2025-01-08 08:00:00,908,908
10,2025-01-09 08:00:00,909,909
10,2025-01-10 08:00:00,910,910
10,2025-01-11 08:00:00,911,911
10,2025-01-12 08:00:00,912,912
10,2025-01-13 08:00:00,913,913
10,2025-01-14 08:00:00,914,914
10,2025-01-15 08:00:00,915,915
10,2025-01-16 08:00:00,916,916
10,2025-01-17 08:00:00,917,917
10,2025-01-18 08:00:00,918,918
10,2025-01-19 08:00:00,919,919
10,2025-01-20 08:00:00,920,920
10,2025-01-21 08:00:00,921,921
10,2025-01-22 08:00:00,922,922
10,2025-01-23 08:00:00,923,923
10,2025-01-24 08:00:00,924,924
10,2025-01-25 08:00:00,925,925
10,2025-01-26 08:00:00,926,926
10,2025-01-27 08:00:00,927,927
10,2025-01-28 08:00:00,928,928
10,2025-01-29 08:00:00,929,929
10,2025-01-30 08:00:00,930,930
10,2025-01-31 08:00:00,931,931
10,2025-02-01 08:00:00,932,932
10,2025-02-02 08:00:00,933,933
10,2025-02-03 08:00:00,934,934
10,2025-02-04 08:00:00,935,935
10,2025-02-05 08:00:00,936,936
10,2025-02-06 08:00:00,937,937
10,2025-02-07 08:00:00,938,938
10,2025-02-08 08:00:00,939,939
10,2025-02-09 08:00:00,940,940
10,2025-02-10 08:00:00,941,941
10,2025-02-11 08:00:00,942,942
10,2025-02-12 08:00:00,943,943
10,2025-02-13 08:00:00,944,944
10,2025-02-14 08:00:00,945,945
10,2025-02-15 08:00:00,946,946
10,2025-02-16 08:00:00,947,947
10,2025-02-17 08:00:00,948,948
10,2025-02-18 08:00:00,949,949
10,2025-02-19 08:00:00,950,950
10,2025-02-20 08:00:00,951,951
10,2025-02-21 08:00:00,952,952
10,2025-02-22 08:00:00,953,953
10,2025-02-23 08:00:00,954,954
10,2025-02-24 08:00:00,955,955
10,2025-02-25 08:00:00,956,956
10,2025-02-26 08:00:00,957,957
10,2025-02-27 08:00:00,958,958
10,2025-02-28 08:00:00,959,959
10,2025-03-01 08:00:00,960,960
10,2025-03-02 08:00:00,961,961
10,2025-03-03 08:00:00,962,962
10,2025-03-04 08:00:00,963,963
10,2025-03-05 08:00:00,964,964
10,2025-03-06 08:00:00,965,965
10,2025-03-07 08:00:00,966,966
10,2025-03-08 08:00:00,967,967
10,2025-03-09 08:00:00,968,968
10,2025-03-10 08:00:00,969,969
10,2025-03-11 08:00:00,970,970
10,2025-03-12 08:00:00,971,971
10,2025-03-13 08:00:00,972,972
10,2025-03-14 08:00:00,973,973
10,2025-03-15 08:00:00,974,974
10,2025-03-16 08:00:00,975,975
10,2025-03-17 08:00:00,976,976
10,2025-03-18 08:00:00,977,977
10,2025-03-19 08:00:00,978,978
10,2025-03-20 08:00:00,979,979
10,2025-03-21 08:00:00,980,980
10,2025-03-22 08:00:00,981,981
10,2025-03-23 08:00:00,982,982
10,2025-03-24 08:00:00,983,983
10,2025-03-25 08:00:00,984,984
10,2025-03-26 08:00:00,985,985
10,2025-03-27 08:00:00,986,986
10,2025-03-28 08:00:00,987,987
10,2025-03-29 08:00:00,988,988
10,2025-03-30 08:00:00,989,989
10,2025-03-31 08:00:00,990,990
10,2025-04-01 08:00:00,991,991
10,2025-04-02 08:00:00,992,992
10,2025-04-03 08:00:00,993,993
10,2025-04-04 08:00:00,994,994
10,2025-04-05 08:00:00,995,995
10,2025-04-06 08:00:00,996,996
10,2025-04-07 08:00:00,997,997
10,2025-04-08 08:00:00,998,998
10,2025-04-09 08:00:00,999,999
10,2025-04-10 08:00:00,1000,1000
11,2025-01-01 08:00:00,1001,1001
11,2025-01-02 08:00:00,1002,1002
11,2025-01-03 08:00:00,1003,1003
11,2025-01-04 08:00:00,1004,1004
11,2025-01-05 08:00:00,1005,1005
11,2025-01-06 08:00:00,1006,1006
11,2025-01-07 08:00:00,1007,1007
11,2025-01-08 08:00:00,1008,1008
11,2025-01-09 08:00:00,1009,1009
11,2025-01-10 08:00:00,1010,1010
11,2025-01-11 08:00:00,1011,1011
11,2025-01-12 08:00:00,1012,1012
11,2025-01-13 08:00:00,1013,1013
11,2025-01-14 08:00:00,1014,1014
11,2025-01-15 08:00:00,1015,1015
11,2025-01-16 08:00:00,1016,1016
11,2025-01-17 08:00:00,1017,1017
11,2025-01-18 08:00:00,1018,1018
11,2025-01-19 08:00:00,1019,1019
11,2025-01-20 08:00:00,1020,1020
11,2025-01-21 08:00:00,1021,1021
11,2025-01-22 08:00:00,1022,1022
11,2025-01-23 08:00:00,1023,1023
11,2025-01-24 08:00:00,1024,1024
11,2025-01-25 08:00:00,1025,1025
11,2025-01-26 08:00:00,1026,1026
11,2025-01-27 08:00:00,1027,1027
11,2025-01-28 08:00:00,1028,1028
11,2025-01-29 08:00:00,1029,1029
11,2025-01-30 08:00:00,1030,1030
11,2025-01-31 08:00:00,1031,1031
11,2025-02-01 08:00:00,1032,1032
11,2025-02-02 08:00:00,1033,1033
11,2025-02-03 08:00:00,1034,1034
11,2025-02-04 08:00:00,1035,1035
11,2025-02-05 08:00:00,1036,1036
11,2025-02-06 08:00:00,1037,1037
11,2025-02-07 08:00:00,1038,1038
11,2025-02-08 08:00:00,1039,1039
11,2025-02-09 08:00:00,1040,1040
11,2025-02-10 08:00:00,1041,1041
11,2025-02-11 08:00:00,1042,1042
11,2025-02-12 08:00:00,1043,1043
11,2025-02-13 08:00:00,1044,1044
11,2025-02-14 08:00:00,1045,1045
11,2025-02-15 08:00:00,1046,1046
11,2025-02-16 08:00:00,1047,1047
11,2025-02-17 08:00:00,1048,1048
11,2025-02-18 08:00:00,1049,1049
11,2025-02-19 08:00:00,1050,1050
11,2025-02-20 08:00:00,1051,1051
11,2025-02-21 08:00:00,1052,1052
11,2025-02-22 08:00:00,1053,1053
11,2025-02-23 08:00:00,1054,1054
11,2025-02-24 08:00:00,1055,1055
11,2025-02-25 08:00:00,1056,1056
11,2025-02-26 08:00:00,1057,1057
11,2025-02-27 08:00:00,1058,1058
11,2025-02-28 08:00:00,1059,1059
11,2025-03-01 08:00:00,1060,1060
11,2025-03-02 08:00:00,1061,1061
11,2025-03-03 08:00:00,1062,1062
11,2025-03-04 08:00:00,1063,1063
11,2025-03-05 08:00:00,1064,1064
11,2025-03-06 08:00:00,1065,1065
11,2025-03-07 08:00:00,1066,1066
11,2025-03-08 08:00:00,1067,1067
11,2025-03-09 08:00:00,1068,1068
11,2025-03-10 08:00:00,1069,1069
11,2025-03-11 08:00:00,1070,1070
11,2025-03-12 08:00:00,1071,1071
11,2025-03-13 08:00:00,1072,1072
11,2025-03-14 08:00:00,1073,1073
11,2025-03-15 08:00:00,1074,1074
11,2025-03-16 08:00:00,1075,1075
11,2025-03-17 08:00:00,1076,1076
11,2025-03-18 08:00:00,1077,1077
11,2025-03-19 08:00:00,1078,1078
11,2025-03-20 08:00:00,1079,1079
11,2025-03-21 08:00:00,1080,1080
11,2025-03-22 08:00:00,1081,1081
11,2025-03-23 08:00:00,1082,1082
11,2025-03-24 08:00:00,1083,1083
11,2025-03-25 08:00:00,1084,1084
11,2025-03-26 08:00:00,1085,1085
11,2025-03-27 08:00:00,1086,1086
11,2025-03-28 08:00:00,1087,1087
11,2025-03-29 08:00:00,1088,1088
11,2025-03-30 08:00:00,1089,1089
11,2025-03-31 08:00:00,1090,1090
11,2025-04-01 08:00:00,1091,1091
11,2025-04-02 08:00:00,1092,1092
11,2025-04-03 08:00:00,1093,1093
11,2025-04-04 08:00:00,1094,1094
11,2025-04-05 08:00:00,1095,1095
11,2025-04-06 08:00:00,1096,1096
11,2025-04-07 08:00:00,1097,1097
11,2025-04-08 08:00:00,1098,1098
11,2025-04-09 08:00:00,1099,1099
11,2025-04-10 08:00:00,1100,1100
12,2025-01-01 08:00:00,1101,1101
12,2025-01-02 08:00:00,1102,1102
12,2025-01-03 08:00:00,1103,1103
12,2025-01-04 08:00:00,1104,1104
12,2025-01-05 08:00:00,1105,1105
12,2025-01-06 08:00:00,1106,1106
12,2025-01-07 08:00:00,1107,1107
12,2025-01-08 08:00:00,1108,1108
12,2025-01-09 08:00:00,1109,1109
12,2025-01-10 08:00:00,1110,1110
12,2025-01-11 08:00:00,1111,1111
12,2025-01-12 08:00:00,1112,1112
12,2025-01-13 08:00:00,1113,1113
12,2025-01-14 08:00:00,1114,1114
12,2025-01-15 08:00:00,1115,1115
12,2025-01-16 08:00:00,1116,1116
12,2025-01-17 08:00:00,1117,1117
12,2025-01-18 08:00:00,1118,1118
12,2025-01-19 08:00:00,1119,1119
12,2025-01-20 08:00:00,1120,1120
12,2025-01-21 08:00:00,1121,1121
12,2025-01-22 08:00:00,1122,1122
12,2025-01-23 08:00:00,1123,1123
12,2025-01-24 08:00:00,1124,1124
12,2025-01-25 08:00:00,1125,1125
12,2025-01-26 08:00:00,1126,1126
12,2025-01-27 08:00:00,1127,1127
12,2025-01-28 08:00:00,1128,1128
12,2025-01-29 08:00:00,1129,1129
12,2025-01-30 08:00:00,1130,1130
12,2025-01-31 08:00:00,1131,1131
12,2025-02-01 08:00:00,1132,1132
12,2025-02-02 08:00:00,1133,1133
12,2025-02-03 08:00:00,1134,1134
12,2025-02-04 08:00:00,1135,1135
12,2025-02-05 08:00:00,1136,1136
12,2025-02-06 08:00:00,1137,1137
12,2025-02-07 08:00:00,1138,1138
12,2025-02-08 08:00:00,1139,1139
12,2025-02-09 08:00:00,1140,1140
12,2025-02-10 08:00:00,1141,1141
12,2025-02-11 08:00:00,1142,1142
12,2025-02-12 08:00:00,1143,1143
12,2025-02-13 08:00:00,1144,1144
12,2025-02-14 08:00:00,1145,1145
12,2025-02-15 08:00:00,1146,1146
12,2025-02-16 08:00:00,1147,1147
12,2025-02-17 08:00:00,1148,1148
12,2025-02-18 08:00:00,1149,1149
12,2025-02-19 08:00:00,1150,1150
12,2025-02-20 08:00:00,1151,1151
12,2025-02-21 08:00:00,1152,1152
12,2025-02-22 08:00:00,1153,1153
12,2025-02-23 08:00:00,1154,1154
12,2025-02-24 08:00:00,1155,1155
12,2025-02-25 08:00:00,1156,1156
12,2025-02-26 08:00:00,1157,1157
12,2025-02-27 08:00:00,1158,1158
12,2025-02-28 08:00:00,1159,1159
12,2025-03-01 08:00:00,1160,1160
12,2025-03-02 08:00:00,1161,1161
12,2025-03-03 08:00:00,1162,1162
12,2025-03-04 08:00:00,1163,1163
12,2025-03-05 08:00:00,1164,1164
12,2025-03-06 08:00:00,1165,1165
12,2025-03-07 08:00:00,1166,1166
12,2025-03-08 08:00:00,1167,1167
12,2025-03-09 08:00:00,1168,1168
12,2025-03-10 08:00:00,1169,1169
12,2025-03-11 08:00:00,1170,1170
12,2025-03-12 08:00:00,1171,1171
12,2025-03-13 08:00:00,1172,1172
12,2025-03-14 08:00:00,1173,1173
12,2025-03-15 08:00:00,1174,1174
12,2025-03-16 08:00:00,1175,1175
12,2025-03-17 08:00:00,1176,1176
12,2025-03-18 08:00:00,1177,1177
12,2025-03-19 08:00:00,1178,1178
12,2025-03-20 08:00:00,1179,1179
12,2025-03-21 08:00:00,1180,1180
12,2025-03-22 08:00:00,1181,1181
12,2025-03-23 08:00:00,1182,1182
12,2025-03-24 08:00:00,1183,1183
12,2025-03-25 08:00:00,1184,1184
12,2025-03-26 08:00:00,1185,1185
12,2025-03-27 08:00:00,1186,1186
12,2025-03-28 08:00:00,1187,1187
12,2025-03-29 08:00:00,1188,1188
12,2025-03-30 08:00:00,1189,1189
12,2025-03-31 08:00:00,1190,1190
12,2025-04-01 08:00:00,1191,1191
12,2025-04-02 08:00:00,1192,1192
12,2025-04-03 08:00:00,1193,1193
12,2025-04-04 08:00:00,1194,1194
12,2025-04-05 08:00:00,1195,1195
12,2025-04-06 08:00:00,1196,1196
12,2025-04-07 08:00:00,1197,1197
12,2025-04-08 08:00:00,1198,1198
12,2025-04-09 08:00:00,1199,1199
12,2025-04-10 08:00:00,1200,1200
13,2025-01-01 08:00:00,1201,1201
13,2025-01-02 08:00:00,1202,1202
13,2025-01-03 08:00:00,1203,1203
13,2025-01-04 08:00:00,1204,1204
13,2025-01-05 08:00:00,1205,1205
13,2025-01-06 08:00:00,1206,1206
13,2025-01-07 08:00:00,1207,1207
13,2025-01-08 08:00:00,1208,1208
13,2025-01-09 08:00:00,1209,1209
13,2025-01-10 08:00:00,1210,1210
13,2025-01-11 08:00:00,1211,1211
13,2025-01-12 08:00:00,1212,1212
13,2025-01-13 08:00:00,1213,1213
13,2025-01-14 08:00:00,1214,1214
13,2025-01-15 08:00:00,1215,1215
13,2025-01-16 08:00:00,1216,1216
13,2025-01-17 08:00:00,1217,1217
13,2025-01-18 08:00:00,1218,1218
13,2025-01-19 08:00:00,1219,1219
13,2025-01-20 08:00:00,1220,1220
13,2025-01-21 08:00:00,1221,1221
13,2025-01-22 08:00:00,1222,1222
13,2025-01-23 08:00:00,1223,1223
13,2025-01-24 08:00:00,1224,1224
13,2025-01-25 08:00:00,1225,1225
13,2025-01-26 08:00:00,1226,1226
13,2025-01-27 08:00:00,1227,1227
13,2025-01-28 08:00:00,1228,1228
13,2025-01-29 08:00:00,1229,1229
13,2025-01-30 08:00:00,1230,1230
13,2025-01-31 08:00:00,1231,1231
13,2025-02-01 08:00:00,1232,1232
13,2025-02-02 08:00:00,1233,1233
13,2025-02-03 08:00:00,1234,1234
13,2025-02-04 08:00:00,1235,1235
13,2025-02-05 08:00:00,1236,1236
13,2025-02-06 08:00:00,1237,1237
13,2025-02-07 08:00:00,1238,1238
13,2025-02-08 08:00:00,1239,1239
13,2025-02-09 08:00:00,1240,1240
13,2025-02-10 08:00:00,1241,1241
13,2025-02-11 08:00:00,1242,1242
13,2025-02-12 08:00:00,1243,1243
13,2025-02-13 08:00:00,1244,1244
13,2025-02-14 08:00:00,1245,1245
13,2025-02-15 08:00:00,1246,1246
13,2025-02-16 08:00:00,1247,1247
13,2025-02-17 08:00:00,1248,1248
13,2025-02-18 08:00:00,1249,1249
13,2025-02-19 08:00:00,1250,1250
13,2025-02-20 08:00:00,1251,1251
13,2025-02-21 08:00:00,1252,1252
13,2025-02-22 08:00:00,1253,1253
13,2025-02-23 08:00:00,1254,1254
13,2025-02-24 08:00:00,1255,1255
13,2025-02-25 08:00:00,1256,1256
13,2025-02-26 08:00:00,1257,1257
13,2025-02-27 08:00:00,1258,1258
13,2025-02-28 08:00:00,1259,1259
13,2025-03-01 08:00:00,1260,1260
13,2025-03-02 08:00:00,1261,1261
13,2025-03-03 08:00:00,1262,1262
13,2025-03-04 08:00:00,1263,1263
13,2025-03-05 08:00:00,1264,1264
13,2025-03-06 08:00:00,1265,1265
13,2025-03-07 08:00:00,1266,1266
13,2025-03-08 08:00:00,1267,1267
13,2025-03-09 08:00:00,1268,1268
13,2025-03-10 08:00:00,1269,1269
13,2025-03-11 08:00:00,1270,1270
13,2025-03-12 08:00:00,1271,1271
13,2025-03-13 08:00:00,1272,1272
13,2025-03-14 08:00:00,1273,1273
13,2025-03-15 08:00:00,1274,1274
13,2025-03-16 08:00:00,1275,1275
13,2025-03-17 08:00:00,1276,1276
13,2025-03-18 08:00:00,1277,1277
13,2025-03-19 08:00:00,1278,1278
13,2025-03-20 08:00:00,1279,1279
13,2025-03-21 08:00:00,1280,1280
13,2025-03-22 08:00:00,1281,1281
13,2025-03-23 08:00:00,1282,1282
13,2025-03-24 08:00:00,1283,1283
13,2025-03-25 08:00:00,1284,1284
13,2025-03-26 08:00:00,1285,1285
13,2025-03-27 08:00:00,1286,1286
13,2025-03-28 08:00:00,1287,1287
13,2025-03-29 08:00:00,1288,1288
13,2025-03-30 08:00:00,1289,1289
13,2025-03-31 08:00:00,1290,1290
13,2025-04-01 08:00:00,1291,1291
13,2025-04-02 08:00:00,1292,1292
13,2025-04-03 08:00:00,1293,1293
13,2025-04-04 08:00:00,1294,1294
13,2025-04-05 08:00:00,1295,1295
13,2025-04-06 08:00:00,1296,1296
13,2025-04-07 08:00:00,1297,1297
13,2025-04-08 08:00:00,1298,1298
13,2025-04-09 08:00:00,1299,1299
13,2025-04-10 08:00:00,1300,1300
14,2025-01-01 08:00:00,1301,1301
14,2025-01-02 08:00:00,1302,1302
14,2025-01-03 08:00:00,1303,1303
14,2025-01-04 08:00:00,1304,1304
14,2025-01-05 08:00:00,1305,1305
14,2025-01-06 08:00:00,1306,1306
14,2025-01-07 08:00:00,1307,1307
14,2025-01-08 08:00:00,1308,1308
14,2025-01-09 08:00:00,1309,1309
14,2025-01-10 08:00:00,1310,1310
14,2025-01-11 08:00:00,1311,1311
14,2025-01-12 08:00:00,1312,1312
14,2025-01-13 08:00:00,1313,1313
14,2025-01-14 08:00:00,1314,1314
14,2025-01-15 08:00:00,1315,1315
14,2025-01-16 08:00:00,1316,1316
14,2025-01-17 08:00:00,1317,1317
14,2025-01-18 08:00:00,1318,1318
14,2025-01-19 08:00:00,1319,1319
14,2025-01-20 08:00:00,1320,1320
14,2025-01-21 08:00:00,1321,1321
14,2025-01-22 08:00:00,1322,1322
14,2025-01-23 08:00:00,1323,1323
14,2025-01-24 08:00:00,1324,1324
14,2025-01-25 08:00:00,1325,1325
14,2025-01-26 08:00:00,1326,1326
14,2025-01-27 08:00:00,1327,1327
14,2025-01-28 08:00:00,1328,1328
14,2025-01-29 08:00:00,1329,1329
14,2025-01-30 08:00:00,1330,1330
14,2025-01-31 08:00:00,1331,1331
14,2025-02-01 08:00:00,1332,1332
14,2025-02-02 08:00:00,1333,1333
14,2025-02-03 08:00:00,1334,1334
14,2025-02-04 08:00:00,1335,1335
14,2025-02-05 08:00:00,1336,1336
14,2025-02-06 08:00:00,1337,1337
14,2025-02-07 08:00:00,1338,1338
14,2025-02-08 08:00:00,1339,1339
14,2025-02-09 08:00:00,1340,1340
14,2025-02-10 08:00:00,1341,1341
14,2025-02-11 08:00:00,1342,1342
14,2025-02-12 08:00:00,1343,1343
14,2025-02-13 08:00:00,1344,1344
14,2025-02-14 08:00:00,1345,1345
14,2025-02-15 08:00:00,1346,1346
14,2025-02-16 08:00:00,1347,1347
14,2025-02-17 08:00:00,1348,1348
14,2025-02-18 08:00:00,1349,1349
14,2025-02-19 08:00:00,1350,1350
14,2025-02-20 08:00:00,1351,1351
14,2025-02-21 08:00:00,1352,1352
14,2025-02-22 08:00:00,1353,1353
14,2025-02-23 08:00:00,1354,1354
14,2025-02-24 08:00:00,1355,1355
14,2025-02-25 08:00:00,1356,1356
14,2025-02-26 08:00:00,1357,1357
14,2025-02-27 08:00:00,1358,1358
14,2025-02-28 08:00:00,1359,1359
14,2025-03-01 08:00:00,1360,1360
14,2025-03-02 08:00:00,1361,1361
14,2025-03-03 08:00:00,1362,1362
14,2025-03-04 08:00:00,1363,1363
14,2025-03-05 08:00:00,1364,1364
14,2025-03-06 08:00:00,1365,1365
14,2025-03-07 08:00:00,1366,1366
14,2025-03-08 08:00:00,1367,1367
14,2025-03-09 08:00:00,1368,1368
14,2025-03-10 08:00:00,1369,1369
14,2025-03-11 08:00:00,1370,1370
14,2025-03-12 08:00:00,1371,1371
14,2025-03-13 08:00:00,1372,1372
14,2025-03-14 08:00:00,1373,1373
14,2025-03-15 08:00:00,1374,1374
14,2025-03-16 08:00:00,1375,1375
14,2025-03-17 08:00:00,1376,1376
14,2025-03-18 08:00:00,1377,1377
14,2025-03-19 08:00:00,1378,1378
14,2025-03-20 08:00:00,1379,1379
14,2025-03-21 08:00:00,1380,1380
14,2025-03-22 08:00:00,1381,1381
14,2025-03-23 08:00:00,1382,1382
14,2025-03-24 08:00:00,1383,1383
14,2025-03-25 08:00:00,1384,1384
14,2025-03-26 08:00:00,1385,1385
14,2025-03-27 08:00:00,1386,1386
14,2025-03-28 08:00:00,1387,1387
14,2025-03-29 08:00:00,1388,1388
14,2025-03-30 08:00:00,1389,1389
14,2025-03-31 08:00:00,1390,1390
14,2025-04-01 08:00:00,1391,1391
14,2025-04-02 08:00:00,1392,1392
14,2025-04-03 08:00:00,1393,1393
14,2025-04-04 08:00:00,1394,1394
14,2025-04-05 08:00:00,1395,1395
14,2025-04-06 08:00:00,1396,1396
14,2025-04-07 08:00:00,1397,1397
14,2025-04-08 08:00:00,1398,1398
14,2025-04-09 08:00:00,1399,1399
14,2025-04-10 08:00:00,1400,1400
15,2025-01-01 08:00:00,1401,1401
15,2025-01-02 08:00:00,1402,1402
15,2025-01-03 08:00:00,1403,1403
15,2025-01-04 08:00:00,1404,1404
15,2025-01-05 08:00:00,1405,1405
15,2025-01-06 08:00:00,1406,1406
15,2025-01-07 08:00:00,1407,1407
15,2025-01-08 08:00:00,1408,1408
15,2025-01-09 08:00:00,1409,1409
15,2025-01-10 08:00:00,1410,1410
15,2025-01-11 08:00:00,1411,1411
15,2025-01-12 08:00:00,1412,1412
15,2025-01-13 08:00:00,1413,1413
15,2025-01-14 08:00:00,1414,1414
15,2025-01-15 08:00:00,1415,1415
15,2025-01-16 08:00:00,1416,1416
15,2025-01-17 08:00:00,1417,1417
15,2025-01-18 08:00:00,1418,1418
15,2025-01-19 08:00:00,1419,1419
15,2025-01-20 08:00:00,1420,1420
15,2025-01-21 08:00:00,1421,1421
15,2025-01-22 08:00:00,1422,1422
15,2025-01-23 08:00:00,1423,1423
15,2025-01-24 08:00:00,1424,1424
15,2025-01-25 08:00:00,1425,1425
15,2025-01-26 08:00:00,1426,1426
15,2025-01-27 08:00:00,1427,1427
15,2025-01-28 08:00:00,1428,1428
15,2025-01-29 08:00:00,1429,1429
15,2025-01-30 08:00:00,1430,1430
15,2025-01-31 08:00:00,1431,1431
15,2025-02-01 08:00:00,1432,1432
15,2025-02-02 08:00:00,1433,1433
15,2025-02-03 08:00:00,1434,1434
15,2025-02-04 08:00:00,1435,1435
15,2025-02-05 08:00:00,1436,1436
15,2025-02-06 08:00:00,1437,1437
15,2025-02-07 08:00:00,1438,1438
15,2025-02-08 08:00:00,1439,1439
15,2025-02-09 08:00:00,1440,1440
15,2025-02-10 08:00:00,1441,1441
15,2025-02-11 08:00:00,1442,1442
15,2025-02-12 08:00:00,1443,1443
15,2025-02-13 08:00:00,1444,1444
15,2025-02-14 08:00:00,1445,1445
15,2025-02-15 08:00:00,1446,1446
15,2025-02-16 08:00:00,1447,1447
15,2025-02-17 08:00:00,1448,1448
15,2025-02-18 08:00:00,1449,1449
15,2025-02-19 08:00:00,1450,1450
15,2025-02-20 08:00:00,1451,1451
15,2025-02-21 08:00:00,1452,1452
15,2025-02-22 08:00:00,1453,1453
15,2025-02-23 08:00:00,1454,1454
15,2025-02-24 08:00:00,1455,1455
15,2025-02-25 08:00:00,1456,1456
15,2025-02-26 08:00:00,1457,1457
15,2025-02-27 08:00:00,1458,1458
15,2025-02-28 08:00:00,1459,1459
15,2025-03-01 08:00:00,1460,1460
15,2025-03-02 08:00:00,1461,1461
15,2025-03-03 08:00:00,1462,1462
15,2025-03-04 08:00:00,1463,1463
15,2025-03-05 08:00:00,1464,1464
15,2025-03-06 08:00:00,1465,1465
15,2025-03-07 08:00:00,1466,1466
15,2025-03-08 08:00:00,1467,1467
15,2025-03-09 08:00:00,1468,1468
15,2025-03-10 08:00:00,1469,1469
15,2025-03-11 08:00:00,1470,1470
15,2025-03-12 08:00:00,1471,1471
15,2025-03-13 08:00:00,1472,1472
15,2025-03-14 08:00:00,1473,1473
15,2025-03-15 08:00:00,1474,1474
15,2025-03-16 08:00:00,1475,1475
15,2025-03-17 08:00:00,1476,1476
15,2025-03-18 08:00:00,1477,1477
15,2025-03-19 08:00:00,1478,1478
15,2025-03-20 08:00:00,1479,1479
15,2025-03-21 08:00:00,1480,1480
15,2025-03-22 08:00:00,1481,1481
15,2025-03-23 08:00:00,1482,1482
15,2025-03-24 08:00:00,1483,1483
15,2025-03-25 08:00:00,1484,1484
15,2025-03-26 08:00:00,1485,1485
15,2025-03-27 08:00:00,1486,1486
15,2025-03-28 08:00:00,1487,1487
15,2025-03-29 08:00:00,1488,1488
15,2025-03-30 08:00:00,1489,1489
15,2025-03-31 08:00:00,1490,1490
15,2025-04-01 08:00:00,1491,1491
15,2025-04-02 08:00:00,1492,1492
15,2025-04-03 08:00:00,1493,1493
15,2025-04-04 08:00:00,1494,1494
15,2025-04-05 08:00:00,1495,1495
15,2025-04-06 08:00:00,1496,1496
15,2025-04-07 08:00:00,1497,1497
15,2025-04-08 08:00:00,1498,1498
15,2025-04-09 08:00:00,1499,1499
15,2025-04-10 08:00:00,1500,1500
16,2025-01-01 08:00:00,1501,1501
16,2025-01-02 08:00:00,1502,1502
16,2025-01-03 08:00:00,1503,1503
16,2025-01-04 08:00:00,1504,1504
16,2025-01-05 08:00:00,1505,1505
16,2025-01-06 08:00:00,1506,1506
16,2025-01-07 08:00:00,1507,1507
16,2025-01-08 08:00:00,1508,1508
16,2025-01-09 08:00:00,1509,1509
16,2025-01-10 08:00:00,1510,1510
16,2025-01-11 08:00:00,1511,1511
16,2025-01-12 08:00:00,1512,1512
16,2025-01-13 08:00:00,1513,1513
16,2025-01-14 08:00:00,1514,1514
16,2025-01-15 08:00:00,1515,1515
16,2025-01-16 08:00:00,1516,1516
16,2025-01-17 08:00:00,1517,1517
16,2025-01-18 08:00:00,1518,1518
16,2025-01-19 08:00:00,1519,1519
16,2025-01-20 08:00:00,1520,1520
16,2025-01-21 08:00:00,1521,1521
16,2025-01-22 08:00:00,1522,1522
16,2025-01-23 08:00:00,1523,1523
16,2025-01-24 08:00:00,1524,1524
16,2025-01-25 08:00:00,1525,1525
16,2025-01-26 08:00:00,1526,1526
16,2025-01-27 08:00:00,1527,1527
16,2025-01-28 08:00:00,1528,1528
16,2025-01-29 08:00:00,1529,1529
16,2025-01-30 08:00:00,1530,1530
16,2025-01-31 08:00:00,1531,1531
16,2025-02-01 08:00:00,1532,1532
16,2025-02-02 08:00:00,1533,1533
16,2025-02-03 08:00:00,1534,1534
16,2025-02-04 08:00:00,1535,1535
16,2025-02-05 08:00:00,1536,1536
16,2025-02-06 08:00:00,1537,1537
16,2025-02-07 08:00:00,1538,1538
16,2025-02-08 08:00:00,1539,1539
16,2025-02-09 08:00:00,1540,1540
16,2025-02-10 08:00:00,1541,1541
16,2025-02-11 08:00:00,1542,1542
16,2025-02-12 08:00:00,1543,1543
16,2025-02-13 08:00:00,1544,1544
16,2025-02-14 08:00:00,1545,1545
16,2025-02-15 08:00:00,1546,1546
16,2025-02-16 08:00:00,1547,1547
16,2025-02-17 08:00:00,1548,1548
16,2025-02-18 08:00:00,1549,1549
16,2025-02-19 08:00:00,1550,1550
16,2025-02-20 08:00:00,1551,1551
16,2025-02-21 08:00:00,1552,1552
16,2025-02-22 08:00:00,1553,1553
16,2025-02-23 08:00:00,1554,1554
16,2025-02-24 08:00:00,1555,1555
16,2025-02-25 08:00:00,1556,1556
16,2025-02-26 08:00:00,1557,1557
16,2025-02-27 08:00:00,1558,1558
16,2025-02-28 08:00:00,1559,1559
16,2025-03-01 08:00:00,1560,1560
16,2025-03-02 08:00:00,1561,1561
16,2025-03-03 08:00:00,1562,1562
16,2025-03-04 08:00:00,1563,1563
16,2025-03-05 08:00:00,1564,1564
16,2025-03-06 08:00:00,1565,1565
16,2025-03-07 08:00:00,1566,1566
16,2025-03-08 08:00:00,1567,1567
16,2025-03-09 08:00:00,1568,1568
16,2025-03-10 08:00:00,1569,1569
16,2025-03-11 08:00:00,1570,1570
16,2025-03-12 08:00:00,1571,1571
16,2025-03-13 08:00:00,1572,1572
16,2025-03-14 08:00:00,1573,1573
16,2025-03-15 08:00:00,1574,1574
16,2025-03-16 08:00:00,1575,1575
16,2025-03-17 08:00:00,1576,1576
16,2025-03-18 08:00:00,1577,1577
16,2025-03-19 08:00:00,1578,1578
16,2025-03-20 08:00:00,1579,1579
16,2025-03-21 08:00:00,1580,1580
16,2025-03-22 08:00:00,1581,1581
16,2025-03-23 08:00:00,1582,1582
16,2025-03-24 08:00:00,1583,1583
16,2025-03-25 08:00:00,1584,1584
16,2025-03-26 08:00:00,1585,1585
16,2025-03-27 08:00:00,1586,1586
16,2025-03-28 08:00:00,1587,1587
16,2025-03-29 08:00:00,1588,1588
16,2025-03-30 08:00:00,1589,1589
16,2025-03-31 08:00:00,1590,1590
16,2025-04-01 08:00:00,1591,1591
16,2025-04-02 08:00:00,1592,1592
16,2025-04-03 08:00:00,1593,1593
16,2025-04-04 08:00:00,1594,1594
16,2025-04-05 08:00:00,1595,1595
16,2025-04-06 08:00:00,1596,1596
16,2025-04-07 08:00:00,1597,1597
16,2025-04-08 08:00:00,1598,1598
16,2025-04-09 08:00:00,1599,1599
16,2025-04-10 08:00:00,1600,1600
17,2025-01-01 08:00:00,1601,1601
17,2025-01-02 08:00:00,1602,1602
17,2025-01-03 08:00:00,1603,1603
17,2025-01-04 08:00:00,1604,1604
17,2025-01-05 08:00:00,1605,1605
17,2025-01-06 08:00:00,1606,1606
17,2025-01-07 08:00:00,1607,1607
17,2025-01-08 08:00:00,1608,1608
17,2025-01-09 08:00:00,1609,1609
17,2025-01-10 08:00:00,1610,1610
17,2025-01-11 08:00:00,1611,1611
17,2025-01-12 08:00:00,1612,1612
17,2025-01-13 08:00:00,1613,1613
17,2025-01-14 08:00:00,1614,1614
17,2025-01-15 08:00:00,1615,1615
17,2025-01-16 08:00:00,1616,1616
17,2025-01-17 08:00:00,1617,1617
17,2025-01-18 08:00:00,1618,1618
17,2025-01-19 08:00:00,1619,1619
17,2025-01-20 08:00:00,1620,1620
17,2025-01-21 08:00:00,1621,1621
17,2025-01-22 08:00:00,1622,1622
17,2025-01-23 08:00:00,1623,1623
17,2025-01-24 08:00:00,1624,1624
17,2025-01-25 08:00:00,1625,1625
17,2025-01-26 08:00:00,1626,1626
17,2025-01-27 08:00:00,1627,1627
17,2025-01-28 08:00:00,1628,1628
17,2025-01-29 08:00:00,1629,1629
17,2025-01-30 08:00:00,1630,1630
17,2025-01-31 08:00:00,1631,1631
17,2025-02-01 08:00:00,1632,1632
17,2025-02-02 08:00:00,1633,1633
17,2025-02-03 08:00:00,1634,1634
17,2025-02-04 08:00:00,1635,1635
17,2025-02-05 08:00:00,1636,1636
17,2025-02-06 08:00:00,1637,1637
17,2025-02-07 08:00:00,1638,1638
17,2025-02-08 08:00:00,1639,1639
17,2025-02-09 08:00:00,1640,1640
17,2025-02-10 08:00:00,1641,1641
17,2025-02-11 08:00:00,1642,1642
17,2025-02-12 08:00:00,1643,1643
17,2025-02-13 08:00:00,1644,1644
17,2025-02-14 08:00:00,1645,1645
17,2025-02-15 08:00:00,1646,1646
17,2025-02-16 08:00:00,1647,1647
17,2025-02-17 08:00:00,1648,1648
17,2025-02-18 08:00:00,1649,1649
17,2025-02-19 08:00:00,1650,1650
17,2025-02-20 08:00:00,1651,1651
17,2025-02-21 08:00:00,1652,1652
17,2025-02-22 08:00:00,1653,1653
17,2025-02-23 08:00:00,1654,1654
17,2025-02-24 08:00:00,1655,1655
17,2025-02-25 08:00:00,1656,1656
17,2025-02-26 08:00:00,1657,1657
17,2025-02-27 08:00:00,1658,1658
17,2025-02-28 08:00:00,1659,1659
17,2025-03-01 08:00:00,1660,1660
17,2025-03-02 08:00:00,1661,1661
17,2025-03-03 08:00:00,1662,1662
17,2025-03-04 08:00:00,1663,1663
17,2025-03-05 08:00:00,1664,1664
17,2025-03-06 08:00:00,1665,1665
17,2025-03-07 08:00:00,1666,1666
17,2025-03-08 08:00:00,1667,1667
17,2025-03-09 08:00:00,1668,1668
17,2025-03-10 08:00:00,1669,1669
17,2025-03-11 08:00:00,1670,1670
17,2025-03-12 08:00:00,1671,1671
17,2025-03-13 08:00:00,1672,1672
17,2025-03-14 08:00:00,1673,1673
17,2025-03-15 08:00:00,1674,1674
17,2025-03-16 08:00:00,1675,1675
17,2025-03-17 08:00:00,1676,1676
17,2025-03-18 08:00:00,1677,1677
17,2025-03-19 08:00:00,1678,1678
17,2025-03-20 08:00:00,1679,1679
17,2025-03-21 08:00:00,1680,1680
17,2025-03-22 08:00:00,1681,1681
17,2025-03-23 08:00:00,1682,1682
17,2025-03-24 08:00:00,1683,1683
17,2025-03-25 08:00:00,1684,1684
17,2025-03-26 08:00:00,1685,1685
17,2025-03-27 08:00:00,1686,1686
17,2025-03-28 08:00:00,1687,1687
17,2025-03-29 08:00:00,1688,1688
17,2025-03-30 08:00:00,1689,1689
17,2025-03-31 08:00:00,1690,1690
17,2025-04-01 08:00:00,1691,1691
17,2025-04-02 08:00:00,1692,1692
17,2025-04-03 08:00:00,1693,1693
17,2025-04-04 08:00:00,1694,1694
17,2025-04-05 08:00:00,1695,1695
17,2025-04-06 08:00:00,1696,1696
17,2025-04-07 08:00:00,1697,1697
17,2025-04-08 08:00:00,1698,1698
17,2025-04-09 08:00:00,1699,1699
17,2025-04-10 08:00:00,1700,1700
18,2025-01-01 08:00:00,1701,1701
18,2025-01-02 08:00:00,1702,1702
18,2025-01-03 08:00:00,1703,1703
18,2025-01-04 08:00:00,1704,1704
18,2025-01-05 08:00:00,1705,1705
18,2025-01-06 08:00:00,1706,1706
18,2025-01-07 08:00:00,1707,1707
18,2025-01-08 08:00:00,1708,1708
18,2025-01-09 08:00:00,1709,1709
18,2025-01-10 08:00:00,1710,1710
18,2025-01-11 08:00:00,1711,1711
18,2025-01-12 08:00:00,1712,1712
18,2025-01-13 08:00:00,1713,1713
18,2025-01-14 08:00:00,1714,1714
18,2025-01-15 08:00:00,1715,1715
18,2025-01-16 08:00:00,1716,1716
18,2025-01-17 08:00:00,1717,1717
18,2025-01-18 08:00:00,1718,1718
18,2025-01-19 08:00:00,1719,1719
18,2025-01-20 08:00:00,1720,1720
18,2025-01-21 08:00:00,1721,1721
18,2025-01-22 08:00:00,1722,1722
18,2025-01-23 08:00:00,1723,1723
18,2025-01-24 08:00:00,1724,1724
18,2025-01-25 08:00:00,1725,1725
18,2025-01-26 08:00:00,1726,1726
18,2025-01-27 08:00:00,1727,1727
18,2025-01-28 08:00:00,1728,1728
18,2025-01-29 08:00:00,1729,1729
18,2025-01-30 08:00:00,1730,1730
18,2025-01-31 08:00:00,1731,1731
18,2025-02-01 08:00:00,1732,1732
18,2025-02-02 08:00:00,1733,1733
18,2025-02-03 08:00:00,1734,1734
18,2025-02-04 08:00:00,1735,1735
18,2025-02-05 08:00:00,1736,1736
18,2025-02-06 08:00:00,1737,1737
18,2025-02-07 08:00:00,1738,1738
18,2025-02-08 08:00:00,1739,1739
18,2025-02-09 08:00:00,1740,1740
18,2025-02-10 08:00:00,1741,1741
18,2025-02-11 08:00:00,1742,1742
18,2025-02-12 08:00:00,1743,1743
18,2025-02-13 08:00:00,1744,1744
18,2025-02-14 08:00:00,1745,1745
18,2025-02-15 08:00:00,1746,1746
18,2025-02-16 08:00:00,1747,1747
18,2025-02-17 08:00:00,1748,1748
18,2025-02-18 08:00:00,1749,1749
18,2025-02-19 08:00:00,1750,1750
18,2025-02-20 08:00:00,1751,1751
18,2025-02-21 08:00:00,1752,1752
18,2025-02-22 08:00:00,1753,1753
18,2025-02-23 08:00:00,1754,1754
18,2025-02-24 08:00:00,1755,1755
18,2025-02-25 08:00:00,1756,1756
18,2025-02-26 08:00:00,1757,1757
18,2025-02-27 08:00:00,1758,1758
18,2025-02-28 08:00:00,1759,1759
18,2025-03-01 08:00:00,1760,1760
18,2025-03-02 08:00:00,1761,1761
18,2025-03-03 08:00:00,1762,1762
18,2025-03-04 08:00:00,1763,1763
18,2025-03-05 08:00:00,1764,1764
18,2025-03-06 08:00:00,1765,1765
18,2025-03-07 08:00:00,1766,1766
18,2025-03-08 08:00:00,1767,1767
18,2025-03-09 08:00:00,1768,1768
18,2025-03-10 08:00:00,1769,1769
18,2025-03-11 08:00:00,1770,1770
18,2025-03-12 08:00:00,1771,1771
18,2025-03-13 08:00:00,1772,1772
18,2025-03-14 08:00:00,1773,1773
18,2025-03-15 08:00:00,1774,1774
18,2025-03-16 08:00:00,1775,1775
18,2025-03-17 08:00:00,1776,1776
18,2025-03-18 08:00:00,1777,1777
18,2025-03-19 08:00:00,1778,1778
18,2025-03-20 08:00:00,1779,1779
18,2025-03-21 08:00:00,1780,1780
18,2025-03-22 08:00:00,1781,1781
18,2025-03-23 08:00:00,1782,1782
18,2025-03-24 08:00:00,1783,1783
18,2025-03-25 08:00:00,1784,1784
18,2025-03-26 08:00:00,1785,1785
18,2025-03-27 08:00:00,1786,1786
18,2025-03-28 08:00:00,1787,1787
18,2025-03-29 08:00:00,1788,1788
18,2025-03-30 08:00:00,1789,1789
18,2025-03-31 08:00:00,1790,1790
18,2025-04-01 08:00:00,1791,1791
18,2025-04-02 08:00:00,1792,1792
18,2025-04-03 08:00:00,1793,1793
18,2025-04-04 08:00:00,1794,1794
18,2025-04-05 08:00:00,1795,1795
18,2025-04-06 08:00:00,1796,1796
18,2025-04-07 08:00:00,1797,1797
18,2025-04-08 08:00:00,1798,1798
18,2025-04-09 08:00:00,1799,1799
18,2025-04-10 08:00:00,1800,1800
19,2025-01-01 08:00:00,1801,1801
19,2025-01-02 08:00:00,1802,1802
19,2025-01-03 08:00:00,1803,1803
19,2025-01-04 08:00:00,1804,1804
19,2025-01-05 08:00:00,1805,1805
19,2025-01-06 08:00:00,1806,1806
19,2025-01-07 08:00:00,1807,1807
19,2025-01-08 08:00:00,1808,1808
19,2025-01-09 08:00:00,1809,1809
19,2025-01-10 08:00:00,1810,1810
19,2025-01-11 08:00:00,1811,1811
19,2025-01-12 08:00:00,1812,1812
19,2025-01-13 08:00:00,1813,1813
19,2025-01-14 08:00:00,1814,1814
19,2025-01-15 08:00:00,1815,1815
19,2025-01-16 08:00:00,1816,1816
19,2025-01-17 08:00:00,1817,1817
19,2025-01-18 08:00:00,1818,1818
19,2025-01-19 08:00:00,1819,1819
19,2025-01-20 08:00:00,1820,1820
19,2025-01-21 08:00:00,1821,1821
19,2025-01-22 08:00:00,1822,1822
19,2025-01-23 08:00:00,1823,1823
19,2025-01-24 08:00:00,1824,1824
19,2025-01-25 08:00:00,1825,1825
19,2025-01-26 08:00:00,1826,1826
19,2025-01-27 08:00:00,1827,1827
19,2025-01-28 08:00:00,1828,1828
19,2025-01-29 08:00:00,1829,1829
19,2025-01-30 08:00:00,1830,1830
19,2025-01-31 08:00:00,1831,1831
19,2025-02-01 08:00:00,1832,1832
19,2025-02-02 08:00:00,1833,1833
19,2025-02-03 08:00:00,1834,1834
19,2025-02-04 08:00:00,1835,1835
19,2025-02-05 08:00:00,1836,1836
19,2025-02-06 08:00:00,1837,1837
19,2025-02-07 08:00:00,1838,1838
19,2025-02-08 08:00:00,1839,1839
19,2025-02-09 08:00:00,1840,1840
19,2025-02-10 08:00:00,1841,1841
19,2025-02-11 08:00:00,1842,1842
19,2025-02-12 08:00:00,1843,1843
19,2025-02-13 08:00:00,1844,1844
19,2025-02-14 08:00:00,1845,1845
19,2025-02-15 08:00:00,1846,1846
19,2025-02-16 08:00:00,1847,1847
19,2025-02-17 08:00:00,1848,1848
19,2025-02-18 08:00:00,1849,1849
19,2025-02-19 08:00:00,1850,1850
19,2025-02-20 08:00:00,1851,1851
19,2025-02-21 08:00:00,1852,1852
19,2025-02-22 08:00:00,1853,1853
19,2025-02-23 08:00:00,1854,1854
19,2025-02-24 08:00:00,1855,1855
19,2025-02-25 08:00:00,1856,1856
19,2025-02-26 08:00:00,1857,1857
19,2025-02-27 08:00:00,1858,1858
19,2025-02-28 08:00:00,1859,1859
19,2025-03-01 08:00:00,1860,1860
19,2025-03-02 08:00:00,1861,1861
19,2025-03-03 08:00:00,1862,1862
19,2025-03-04 08:00:00,1863,1863
19,2025-03-05 08:00:00,1864,1864
19,2025-03-06 08:00:00,1865,1865
19,2025-03-07 08:00:00,1866,1866
19,2025-03-08 08:00:00,1867,1867
19,2025-03-09 08:00:00,1868,1868
19,2025-03-10 08:00:00,1869,1869
19,2025-03-11 08:00:00,1870,1870
19,2025-03-12 08:00:00,1871,1871
19,2025-03-13 08:00:00,1872,1872
19,2025-03-14 08:00:00,1873,1873
19,2025-03-15 08:00:00,1874,1874
19,2025-03-16 08:00:00,1875,1875
19,2025-03-17 08:00:00,1876,1876
19,2025-03-18 08:00:00,1877,1877
19,2025-03-19 08:00:00,1878,1878
19,2025-03-20 08:00:00,1879,1879
19,2025-03-21 08:00:00,1880,1880
19,2025-03-22 08:00:00,1881,1881
19,2025-03-23 08:00:00,1882,1882
19,2025-03-24 08:00:00,1883,1883
19,2025-03-25 08:00:00,1884,1884
19,2025-03-26 08:00:00,1885,1885
19,2025-03-27 08:00:00,1886,1886
19,2025-03-28 08:00:00,1887,1887
19,2025-03-29 08:00:00,1888,1888
19,2025-03-30 08:00:00,1889,1889
19,2025-03-31 08:00:00,1890,1890
19,2025-04-01 08:00:00,1891,1891
19,2025-04-02 08:00:00,1892,1892
19,2025-04-03 08:00:00,1893,1893
19,2025-04-04 08:00:00,1894,1894
19,2025-04-05 08:00:00,1895,1895
19,2025-04-06 08:00:00,1896,1896
19,2025-04-07 08:00:00,1897,1897
19,2025-04-08 08:00:00,1898,1898
19,2025-04-09 08:00:00,1899,1899
19,2025-04-10 08:00:00,1900,1900
20,2025-01-01 08:00:00,1901,1901
20,2025-01-02 08:00:00,1902,1902
20,2025-01-03 08:00:00,1903,1903
20,2025-01-04 08:00:00,1904,1904
20,2025-01-05 08:00:00,1905,1905
20,2025-01-06 08:00:00,1906,1906
20,2025-01-07 08:00:00,1907,1907
20,2025-01-08 08:00:00,1908,1908
20,2025-01-09 08:00:00,1909,1909
20,2025-01-10 08:00:00,1910,1910
20,2025-01-11 08:00:00,1911,1911
20,2025-01-12 08:00:00,1912,1912
20,2025-01-13 08:00:00,1913,1913
20,2025-01-14 08:00:00,1914,1914
20,2025-01-15 08:00:00,1915,1915
20,2025-01-16 08:00:00,1916,1916
20,2025-01-17 08:00:00,1917,1917
20,2025-01-18 08:00:00,1918,1918
20,2025-01-19 08:00:00,1919,1919
20,2025-01-20 08:00:00,1920,1920
20,2025-01-21 08:00:00,1921,1921
20,2025-01-22 08:00:00,1922,1922
20,2025-01-23 08:00:00,1923,1923
20,2025-01-24 08:00:00,1924,1924
20,2025-01-25 08:00:00,1925,1925
20,2025-01-26 08:00:00,1926,1926
20,2025-01-27 08:00:00,1927,1927
20,2025-01-28 08:00:00,1928,1928
20,2025-01-29 08:00:00,1929,1929
20,2025-01-30 08:00:00,1930,1930
20,2025-01-31 08:00:00,1931,1931
20,2025-02-01 08:00:00,1932,1932
20,2025-02-02 08:00:00,1933,1933
20,2025-02-03 08:00:00,1934,1934
20,2025-02-04 08:00:00,1935,1935
20,2025-02-05 08:00:00,1936,1936
20,2025-02-06 08:00:00,1937,1937
20,2025-02-07 08:00:00,1938,1938
20,2025-02-08 08:00:00,1939,1939
20,2025-02-09 08:00:00,1940,1940
20,2025-02-10 08:00:00,1941,1941
20,2025-02-11 08:00:00,1942,1942
20,2025-02-12 08:00:00,1943,1943
20,2025-02-13 08:00:00,1944,1944
20,2025-02-14 08:00:00,1945,1945
20,2025-02-15 08:00:00,1946,1946
20,2025-02-16 08:00:00,1947,1947
20,2025-02-17 08:00:00,1948,1948
20,2025-02-18 08:00:00,1949,1949
20,2025-02-19 08:00:00,1950,1950
20,2025-02-20 08:00:00,1951,1951
20,2025-02-21 08:00:00,1952,1952
20,2025-02-22 08:00:00,1953,1953
20,2025-02-23 08:00:00,1954,1954
20,2025-02-24 08:00:00,1955,1955
20,2025-02-25 08:00:00,1956,1956
20,2025-02-26 08:00:00,1957,1957
20,2025-02-27 08:00:00,1958,1958
20,2025-02-28 08:00:00,1959,1959
20,2025-03-01 08:00:00,1960,1960
20,2025-03-02 08:00:00,1961,1961
20,2025-03-03 08:00:00,1962,1962
20,2025-03-04 08:00:00,1963,1963
20,2025-03-05 08:00:00,1964,1964
20,2025-03-06 08:00:00,1965,1965
20,2025-03-07 08:00:00,1966,1966
20,2025-03-08 08:00:00,1967,1967
20,2025-03-09 08:00:00,1968,1968
20,2025-03-10 08:00:00,1969,1969
20,2025-03-11 08:00:00,1970,1970
20,2025-03-12 08:00:00,1971,1971
20,2025-03-13 08:00:00,1972,1972
20,2025-03-14 08:00:00,1973,1973
20,2025-03-15 08:00:00,1974,1974
20,2025-03-16 08:00:00,1975,1975
20,2025-03-17 08:00:00,1976,1976
20,2025-03-18 08:00:00,1977,1977
20,2025-03-19 08:00:00,1978,1978
20,2025-03-20 08:00:00,1979,1979
20,2025-03-21 08:00:00,1980,1980
20,2025-03-22 08:00:00,1981,1981
20,2025-03-23 08:00:00,1982,1982
20,2025-03-24 08:00:00,1983,1983
20,2025-03-25 08:00:00,1984,1984
20,2025-03-26 08:00:00,1985,1985
20,2025-03-27 08:00:00,1986,1986
20,2025-03-28 08:00:00,1987,1987
20,2025-03-29 08:00:00,1988,1988
20,2025-03-30 08:00:00,1989,1989
20,2025-03-31 08:00:00,1990,1990
20,2025-04-01 08:00:00,1991,1991
20,2025-04-02 08:00:00,1992,1992
20,2025-04-03 08:00:00,1993,1993
20,2025-04-04 08:00:00,1994,1994
20,2025-04-05 08:00:00,1995,1995
20,2025-04-06 08:00:00,1996,1996
20,2025-04-07 08:00:00,1997,1997
20,2025-04-08 08:00:00,1998,1998
20,2025-04-09 08:00:00,1999,1999
20,2025-04-10 08:00:00,2000,2000
21,2025-01-01 08:00:00,2001,2001
21,2025-01-02 08:00:00,2002,2002
21,2025-01-03 08:00:00,2003,2003
21,2025-01-04 08:00:00,2004,2004
21,2025-01-05 08:00:00,2005,2005
21,2025-01-06 08:00:00,2006,2006
21,2025-01-07 08:00:00,2007,2007
21,2025-01-08 08:00:00,2008,2008
21,2025-01-09 08:00:00,2009,2009
21,2025-01-10 08:00:00,2010,2010
21,2025-01-11 08:00:00,2011,2011
21,2025-01-12 08:00:00,2012,2012
21,2025-01-13 08:00:00,2013,2013
21,2025-01-14 08:00:00,2014,2014
21,2025-01-15 08:00:00,2015,2015
21,2025-01-16 08:00:00,2016,2016
21,2025-01-17 08:00:00,2017,2017
21,2025-01-18 08:00:00,2018,2018
21,2025-01-19 08:00:00,2019,2019
21,2025-01-20 08:00:00,2020,2020
21,2025-01-21 08:00:00,2021,2021
21,2025-01-22 08:00:00,2022,2022
21,2025-01-23 08:00:00,2023,2023
21,2025-01-24 08:00:00,2024,2024
21,2025-01-25 08:00:00,2025,2025
21,2025-01-26 08:00:00,2026,2026
21,2025-01-27 08:00:00,2027,2027
21,2025-01-28 08:00:00,2028,2028
21,2025-01-29 08:00:00,2029,2029
21,2025-01-30 08:00:00,2030,2030
21,2025-01-31 08:00:00,2031,2031
21,2025-02-01 08:00:00,2032,2032
21,2025-02-02 08:00:00,2033,2033
21,2025-02-03 08:00:00,2034,2034
21,2025-02-04 08:00:00,2035,2035
21,2025-02-05 08:00:00,2036,2036
21,2025-02-06 08:00:00,2037,2037
21,2025-02-07 08:00:00,2038,2038
21,2025-02-08 08:00:00,2039,2039
21,2025-02-09 08:00:00,2040,2040
21,2025-02-10 08:00:00,2041,2041
21,2025-02-11 08:00:00,2042,2042
21,2025-02-12 08:00:00,2043,2043
21,2025-02-13 08:00:00,2044,2044
21,2025-02-14 08:00:00,2045,2045
21,2025-02-15 08:00:00,2046,2046
21,2025-02-16 08:00:00,2047,2047
21,2025-02-17 08:00:00,2048,2048
21,2025-02-18 08:00:00,2049,2049
21,2025-02-19 08:00:00,2050,2050
21,2025-02-20 08:00:00,2051,2051
21,2025-02-21 08:00:00,2052,2052
21,2025-02-22 08:00:00,2053,2053
21,2025-02-23 08:00:00,2054,2054
21,2025-02-24 08:00:00,2055,2055
21,2025-02-25 08:00:00,2056,2056
21,2025-02-26 08:00:00,2057,2057
21,2025-02-27 08:00:00,2058,2058
21,2025-02-28 08:00:00,2059,2059
21,2025-03-01 08:00:00,2060,2060
21,2025-03-02 08:00:00,2061,2061
21,2025-03-03 08:00:00,2062,2062
21,2025-03-04 08:00:00,2063,2063
21,2025-03-05 08:00:00,2064,2064
21,2025-03-06 08:00:00,2065,2065
21,2025-03-07 08:00:00,2066,2066
21,2025-03-08 08:00:00,2067,2067
21,2025-03-09 08:00:00,2068,2068
21,2025-03-10 08:00:00,2069,2069
21,2025-03-11 08:00:00,2070,2070
21,2025-03-12 08:00:00,2071,2071
21,2025-03-13 08:00:00,2072,2072
21,2025-03-14 08:00:00,2073,2073
21,2025-03-15 08:00:00,2074,2074
21,2025-03-16 08:00:00,2075,2075
21,2025-03-17 08:00:00,2076,2076
21,2025-03-18 08:00:00,2077,2077
21,2025-03-19 08:00:00,2078,2078
21,2025-03-20 08:00:00,2079,2079
21,2025-03-21 08:00:00,2080,2080
21,2025-03-22 08:00:00,2081,2081
21,2025-03-23 08:00:00,2082,2082
21,2025-03-24 08:00:00,2083,2083
21,2025-03-25 08:00:00,2084,2084
21,2025-03-26 08:00:00,2085,2085
21,2025-03-27 08:00:00,2086,2086
21,2025-03-28 08:00:00,2087,2087
21,2025-03-29 08:00:00,2088,2088
21,2025-03-30 08:00:00,2089,2089
21,2025-03-31 08:00:00,2090,2090
21,2025-04-01 08:00:00,2091,2091
21,2025-04-02 08:00:00,2092,2092
21,2025-04-03 08:00:00,2093,2093
21,2025-04-04 08:00:00,2094,2094
21,2025-04-05 08:00:00,2095,2095
21,2025-04-06 08:00:00,2096,2096
21,2025-04-07 08:00:00,2097,2097
21,2025-04-08 08:00:00,2098,2098
21,2025-04-09 08:00:00,2099,2099
21,2025-04-10 08:00:00,2100,2100
22,2025-01-01 08:00:00,2101,2101
22,2025-01-02 08:00:00,2102,2102
22,2025-01-03 08:00:00,2103,2103
22,2025-01-04 08:00:00,2104,2104
22,2025-01-05 08:00:00,2105,2105
22,2025-01-06 08:00:00,2106,2106
22,2025-01-07 08:00:00,2107,2107
22,2025-01-08 08:00:00,2108,2108
22,2025-01-09 08:00:00,2109,2109
22,2025-01-10 08:00:00,2110,2110
22,2025-01-11 08:00:00,2111,2111
22,2025-01-12 08:00:00,2112,2112
22,2025-01-13 08:00:00,2113,2113
22,2025-01-14 08:00:00,2114,2114
22,2025-01-15 08:00:00,2115,2115
22,2025-01-16 08:00:00,2116,2116
22,2025-01-17 08:00:00,2117,2117
22,2025-01-18 08:00:00,2118,2118
22,2025-01-19 08:00:00,2119,2119
22,2025-01-20 08:00:00,2120,2120
22,2025-01-21 08:00:00,2121,2121
22,2025-01-22 08:00:00,2122,2122
22,2025-01-23 08:00:00,2123,2123
22,2025-01-24 08:00:00,2124,2124
22,2025-01-25 08:00:00,2125,2125
22,2025-01-26 08:00:00,2126,2126
22,2025-01-27 08:00:00,2127,2127
22,2025-01-28 08:00:00,2128,2128
22,2025-01-29 08:00:00,2129,2129
22,2025-01-30 08:00:00,2130,2130
22,2025-01-31 08:00:00,2131,2131
22,2025-02-01 08:00:00,2132,2132
22,2025-02-02 08:00:00,2133,2133
22,2025-02-03 08:00:00,2134,2134
22,2025-02-04 08:00:00,2135,2135
22,2025-02-05 08:00:00,2136,2136
22,2025-02-06 08:00:00,2137,2137
22,2025-02-07 08:00:00,2138,2138
22,2025-02-08 08:00:00,2139,2139
22,2025-02-09 08:00:00,2140,2140
22,2025-02-10 08:00:00,2141,2141
22,2025-02-11 08:00:00,2142,2142
22,2025-02-12 08:00:00,2143,2143
22,2025-02-13 08:00:00,2144,2144
22,2025-02-14 08:00:00,2145,2145
22,2025-02-15 08:00:00,2146,2146
22,2025-02-16 08:00:00,2147,2147
22,2025-02-17 08:00:00,2148,2148
22,2025-02-18 08:00:00,2149,2149
22,2025-02-19 08:00:00,2150,2150
22,2025-02-20 08:00:00,2151,2151
22,2025-02-21 08:00:00,2152,2152
22,2025-02-22 08:00:00,2153,2153
22,2025-02-23 08:00:00,2154,2154
22,2025-02-24 08:00:00,2155,2155
22,2025-02-25 08:00:00,2156,2156
22,2025-02-26 08:00:00,2157,2157
22,2025-02-27 08:00:00,2158,2158
22,2025-02-28 08:00:00,2159,2159
22,2025-03-01 08:00:00,2160,2160
22,2025-03-02 08:00:00,2161,2161
22,2025-03-03 08:00:00,2162,2162
22,2025-03-04 08:00:00,2163,2163
22,2025-03-05 08:00:00,2164,2164
22,2025-03-06 08:00:00,2165,2165
22,2025-03-07 08:00:00,2166,2166
22,2025-03-08 08:00:00,2167,2167
22,2025-03-09 08:00:00,2168,2168
22,2025-03-10 08:00:00,2169,2169
22,2025-03-11 08:00:00,2170,2170
22,2025-03-12 08:00:00,2171,2171
22,2025-03-13 08:00:00,2172,2172
22,2025-03-14 08:00:00,2173,2173
22,2025-03-15 08:00:00,2174,2174
22,2025-03-16 08:00:00,2175,2175
22,2025-03-17 08:00:00,2176,2176
22,2025-03-18 08:00:00,2177,2177
22,2025-03-19 08:00:00,2178,2178
22,2025-03-20 08:00:00,2179,2179
22,2025-03-21 08:00:00,2180,2180
22,2025-03-22 08:00:00,2181,2181
22,2025-03-23 08:00:00,2182,2182
22,2025-03-24 08:00:00,2183,2183
22,2025-03-25 08:00:00,2184,2184
22,2025-03-26 08:00:00,2185,2185
22,2025-03-27 08:00:00,2186,2186
22,2025-03-28 08:00:00,2187,2187
22,2025-03-29 08:00:00,2188,2188
22,2025-03-30 08:00:00,2189,2189
22,2025-03-31 08:00:00,2190,2190
22,2025-04-01 08:00:00,2191,2191
22,2025-04-02 08:00:00,2192,2192
22,2025-04-03 08:00:00,2193,2193
22,2025-04-04 08:00:00,2194,2194
22,2025-04-05 08:00:00,2195,2195
22,2025-04-06 08:00:00,2196,2196
22,2025-04-07 08:00:00,2197,2197
22,2025-04-08 08:00:00,2198,2198
22,2025-04-09 08:00:00,2199,2199
22,2025-04-10 08:00:00,2200,2200
